repo_full_name,user_id,action,reference,occurred_at
openai/openai-agents-python,AbdulSamad94,issue_opened,https://github.com/openai/openai-agents-python/issues/1830,2025-09-29T11:31:59Z
openai/openai-agents-python,AbdulSamad94,issue_opened,https://github.com/openai/openai-agents-python/issues/2314,2026-01-15T20:39:21Z
openai/openai-agents-python,AbdulSamad94,labeled,https://github.com/openai/openai-agents-python/issues/2314,2026-01-15T20:39:22Z
openai/openai-agents-python,AnkanMisra,pr_opened,https://github.com/openai/openai-agents-python/pull/2254,2026-01-02T19:20:13Z
openai/openai-agents-python,AnkanMisra,commented,https://github.com/openai/openai-agents-python/pull/2254,2026-01-02T19:22:44Z
openai/openai-agents-python,AnkanMisra,reviewed,https://github.com/openai/openai-agents-python/pull/2254,2026-01-03T13:15:49Z
openai/openai-agents-python,AnkanMisra,commented,https://github.com/openai/openai-agents-python/issues/2171,2026-01-03T13:50:44Z
openai/openai-agents-python,AnkanMisra,commented,https://github.com/openai/openai-agents-python/pull/2254,2026-01-06T13:56:23Z
openai/openai-agents-python,AnkanMisra,commented,https://github.com/openai/openai-agents-python/pull/2254,2026-01-16T12:25:34Z
openai/openai-agents-python,Arnav-Ajay,pr_opened,https://github.com/openai/openai-agents-python/pull/2324,2026-01-16T19:08:14Z
openai/openai-agents-python,Arnav-Ajay,commented,https://github.com/openai/openai-agents-python/pull/2324,2026-01-16T23:09:18Z
openai/openai-agents-python,AryanBagade,commented,https://github.com/openai/openai-agents-python/issues/2155,2025-12-11T03:57:24Z
openai/openai-agents-python,AryanBagade,commented,https://github.com/openai/openai-agents-python/issues/2195,2026-01-10T08:32:46Z
openai/openai-agents-python,AryanBagade,commented,https://github.com/openai/openai-agents-python/issues/2195,2026-01-10T08:35:32Z
openai/openai-agents-python,AryanBagade,pr_opened,https://github.com/openai/openai-agents-python/pull/2290,2026-01-10T09:01:32Z
openai/openai-agents-python,AryanBagade,commented,https://github.com/openai/openai-agents-python/issues/2195,2026-01-10T09:05:09Z
openai/openai-agents-python,DanieleMorotti,pr_opened,https://github.com/openai/openai-agents-python/pull/2041,2025-11-04T14:11:51Z
openai/openai-agents-python,DanieleMorotti,commented,https://github.com/openai/openai-agents-python/pull/2041,2025-11-14T07:56:48Z
openai/openai-agents-python,DanieleMorotti,commented,https://github.com/openai/openai-agents-python/pull/2041,2025-11-30T08:35:36Z
openai/openai-agents-python,DanieleMorotti,commented,https://github.com/openai/openai-agents-python/issues/2171,2025-12-11T08:16:39Z
openai/openai-agents-python,Filimoa,issue_opened,https://github.com/openai/openai-agents-python/issues/2317,2026-01-16T04:31:26Z
openai/openai-agents-python,Filimoa,labeled,https://github.com/openai/openai-agents-python/issues/2317,2026-01-16T04:31:28Z
openai/openai-agents-python,HailTheLotusJewel,issue_opened,https://github.com/openai/openai-agents-python/issues/2265,2026-01-07T07:16:31Z
openai/openai-agents-python,HailTheLotusJewel,labeled,https://github.com/openai/openai-agents-python/issues/2265,2026-01-07T07:16:32Z
openai/openai-agents-python,HailTheLotusJewel,closed,https://github.com/openai/openai-agents-python/issues/2265,2026-01-07T07:51:09Z
openai/openai-agents-python,HailTheLotusJewel,commented,https://github.com/openai/openai-agents-python/issues/2265,2026-01-07T07:51:09Z
openai/openai-agents-python,Harrrryz,issue_opened,https://github.com/openai/openai-agents-python/issues/2155,2025-12-05T03:54:27Z
openai/openai-agents-python,Harrrryz,labeled,https://github.com/openai/openai-agents-python/issues/2155,2025-12-05T03:54:27Z
openai/openai-agents-python,HemanthIITJ,pr_opened,https://github.com/openai/openai-agents-python/pull/2274,2026-01-08T07:08:56Z
openai/openai-agents-python,HemanthIITJ,commented,https://github.com/openai/openai-agents-python/pull/2274,2026-01-08T07:10:01Z
openai/openai-agents-python,HemanthIITJ,pr_opened,https://github.com/openai/openai-agents-python/pull/2275,2026-01-08T08:54:28Z
openai/openai-agents-python,HemanthIITJ,pr_opened,https://github.com/openai/openai-agents-python/pull/2276,2026-01-08T08:57:36Z
openai/openai-agents-python,HemanthIITJ,pr_opened,https://github.com/openai/openai-agents-python/pull/2277,2026-01-08T09:09:42Z
openai/openai-agents-python,HemanthIITJ,pr_opened,https://github.com/openai/openai-agents-python/pull/2278,2026-01-08T09:14:33Z
openai/openai-agents-python,HemanthIITJ,pr_opened,https://github.com/openai/openai-agents-python/pull/2279,2026-01-08T09:25:50Z
openai/openai-agents-python,HemanthIITJ,pr_opened,https://github.com/openai/openai-agents-python/pull/2280,2026-01-08T09:39:19Z
openai/openai-agents-python,HemanthIITJ,pr_opened,https://github.com/openai/openai-agents-python/pull/2281,2026-01-08T09:40:45Z
openai/openai-agents-python,HemanthIITJ,pr_opened,https://github.com/openai/openai-agents-python/pull/2283,2026-01-08T10:05:21Z
openai/openai-agents-python,MuhammadHamidRazaAi,issue_opened,https://github.com/openai/openai-agents-python/issues/2285,2026-01-09T09:24:12Z
openai/openai-agents-python,MuhammadHamidRazaAi,labeled,https://github.com/openai/openai-agents-python/issues/2285,2026-01-09T09:24:13Z
openai/openai-agents-python,NateMoneyLion,issue_opened,https://github.com/openai/openai-agents-python/issues/2232,2025-12-24T06:29:27Z
openai/openai-agents-python,NateMoneyLion,labeled,https://github.com/openai/openai-agents-python/issues/2232,2025-12-24T06:29:29Z
openai/openai-agents-python,NateMoneyLion,commented,https://github.com/openai/openai-agents-python/issues/2232,2025-12-26T03:44:43Z
openai/openai-agents-python,NateMoneyLion,commented,https://github.com/openai/openai-agents-python/issues/2232,2025-12-26T07:34:47Z
openai/openai-agents-python,NateMoneyLion,commented,https://github.com/openai/openai-agents-python/issues/2232,2025-12-29T03:31:23Z
openai/openai-agents-python,NateMoneyLion,commented,https://github.com/openai/openai-agents-python/issues/2232,2026-01-06T12:28:04Z
openai/openai-agents-python,Nifury,issue_opened,https://github.com/openai/openai-agents-python/issues/2109,2025-11-20T01:31:27Z
openai/openai-agents-python,Nifury,labeled,https://github.com/openai/openai-agents-python/issues/2109,2025-11-20T01:31:28Z
openai/openai-agents-python,QWERTY0205,issue_opened,https://github.com/openai/openai-agents-python/issues/2313,2026-01-15T13:33:45Z
openai/openai-agents-python,QWERTY0205,labeled,https://github.com/openai/openai-agents-python/issues/2313,2026-01-15T13:33:46Z
openai/openai-agents-python,Ray0907,pr_opened,https://github.com/openai/openai-agents-python/pull/2255,2026-01-03T15:14:19Z
openai/openai-agents-python,Shivam-Bahuguna-Seatrium,issue_opened,https://github.com/openai/openai-agents-python/issues/2266,2026-01-07T07:56:09Z
openai/openai-agents-python,Shivam-Bahuguna-Seatrium,labeled,https://github.com/openai/openai-agents-python/issues/2266,2026-01-07T07:56:10Z
openai/openai-agents-python,Shivam-Bahuguna-Seatrium,commented,https://github.com/openai/openai-agents-python/issues/2266,2026-01-07T08:33:04Z
openai/openai-agents-python,Shivam-Bahuguna-Seatrium,commented,https://github.com/openai/openai-agents-python/issues/2266,2026-01-12T00:09:02Z
openai/openai-agents-python,TanMan-CAL,issue_opened,https://github.com/openai/openai-agents-python/issues/2335,2026-01-19T21:15:24Z
openai/openai-agents-python,TanMan-CAL,labeled,https://github.com/openai/openai-agents-python/issues/2335,2026-01-19T21:15:25Z
openai/openai-agents-python,TasmeerJamali,pr_opened,https://github.com/openai/openai-agents-python/pull/2218,2025-12-20T14:00:24Z
openai/openai-agents-python,Thebinary110,commented,https://github.com/openai/openai-agents-python/issues/2155,2026-01-11T12:35:47Z
openai/openai-agents-python,Vaibhav21-motors,commented,https://github.com/openai/openai-agents-python/issues/1609,2026-01-16T08:09:11Z
openai/openai-agents-python,Vaibhav21-motors,commented,https://github.com/openai/openai-agents-python/issues/1609,2026-01-16T09:05:42Z
openai/openai-agents-python,ZILECAO,commented,https://github.com/openai/openai-agents-python/issues/2109,2026-01-07T00:53:39Z
openai/openai-agents-python,aligokalppeker,issue_opened,https://github.com/openai/openai-agents-python/issues/2204,2025-12-18T18:22:08Z
openai/openai-agents-python,aligokalppeker,labeled,https://github.com/openai/openai-agents-python/issues/2204,2025-12-18T18:22:08Z
openai/openai-agents-python,aligokalppeker,commented,https://github.com/openai/openai-agents-python/issues/2204,2025-12-24T19:16:27Z
openai/openai-agents-python,aligokalppeker,pr_opened,https://github.com/openai/openai-agents-python/pull/2243,2025-12-28T17:47:34Z
openai/openai-agents-python,aligokalppeker,commented,https://github.com/openai/openai-agents-python/pull/2243,2026-01-05T19:12:18Z
openai/openai-agents-python,aligokalppeker,commented,https://github.com/openai/openai-agents-python/pull/2243,2026-01-06T05:53:44Z
openai/openai-agents-python,atpug22,issue_opened,https://github.com/openai/openai-agents-python/issues/2246,2025-12-30T12:25:13Z
openai/openai-agents-python,ayoajuwon1,issue_opened,https://github.com/openai/openai-agents-python/issues/2252,2026-01-01T22:24:46Z
openai/openai-agents-python,ayoajuwon1,labeled,https://github.com/openai/openai-agents-python/issues/2252,2026-01-01T22:24:47Z
openai/openai-agents-python,ayoajuwon1,closed,https://github.com/openai/openai-agents-python/issues/2252,2026-01-01T22:31:34Z
openai/openai-agents-python,ayoajuwon1,reopened,https://github.com/openai/openai-agents-python/issues/2252,2026-01-13T22:22:47Z
openai/openai-agents-python,chatgpt-codex-connector,reviewed,https://github.com/openai/openai-agents-python/pull/2245,2025-12-28T19:51:40Z
openai/openai-agents-python,chatgpt-codex-connector,reviewed,https://github.com/openai/openai-agents-python/pull/2254,2026-01-02T19:27:04Z
openai/openai-agents-python,chatgpt-codex-connector,reviewed,https://github.com/openai/openai-agents-python/pull/2254,2026-01-03T13:15:52Z
openai/openai-agents-python,chatgpt-codex-connector,commented,https://github.com/openai/openai-agents-python/pull/2260,2026-01-05T17:12:46Z
openai/openai-agents-python,chatgpt-codex-connector,reviewed,https://github.com/openai/openai-agents-python/pull/2267,2026-01-07T08:26:38Z
openai/openai-agents-python,chatgpt-codex-connector,commented,https://github.com/openai/openai-agents-python/pull/2267,2026-01-07T09:15:31Z
openai/openai-agents-python,chatgpt-codex-connector,reviewed,https://github.com/openai/openai-agents-python/pull/2268,2026-01-07T15:31:26Z
openai/openai-agents-python,chatgpt-codex-connector,reviewed,https://github.com/openai/openai-agents-python/pull/2271,2026-01-08T06:30:54Z
openai/openai-agents-python,chatgpt-codex-connector,commented,https://github.com/openai/openai-agents-python/pull/2271,2026-01-08T06:36:50Z
openai/openai-agents-python,chatgpt-codex-connector,reviewed,https://github.com/openai/openai-agents-python/pull/2276,2026-01-08T09:04:21Z
openai/openai-agents-python,chatgpt-codex-connector,reviewed,https://github.com/openai/openai-agents-python/pull/2279,2026-01-08T09:29:19Z
openai/openai-agents-python,chatgpt-codex-connector,reviewed,https://github.com/openai/openai-agents-python/pull/2276,2026-01-08T09:30:01Z
openai/openai-agents-python,chatgpt-codex-connector,reviewed,https://github.com/openai/openai-agents-python/pull/2284,2026-01-08T17:34:30Z
openai/openai-agents-python,chatgpt-codex-connector,commented,https://github.com/openai/openai-agents-python/pull/2224,2026-01-08T23:41:44Z
openai/openai-agents-python,chatgpt-codex-connector,reviewed,https://github.com/openai/openai-agents-python/pull/2289,2026-01-10T07:58:55Z
openai/openai-agents-python,chatgpt-codex-connector,reviewed,https://github.com/openai/openai-agents-python/pull/2299,2026-01-12T13:27:05Z
openai/openai-agents-python,chatgpt-codex-connector,reviewed,https://github.com/openai/openai-agents-python/pull/2302,2026-01-13T11:54:37Z
openai/openai-agents-python,chatgpt-codex-connector,reviewed,https://github.com/openai/openai-agents-python/pull/2302,2026-01-13T12:05:49Z
openai/openai-agents-python,chatgpt-codex-connector,reviewed,https://github.com/openai/openai-agents-python/pull/2303,2026-01-13T12:39:25Z
openai/openai-agents-python,chatgpt-codex-connector,reviewed,https://github.com/openai/openai-agents-python/pull/2303,2026-01-13T12:43:52Z
openai/openai-agents-python,chatgpt-codex-connector,reviewed,https://github.com/openai/openai-agents-python/pull/2303,2026-01-13T12:58:53Z
openai/openai-agents-python,chatgpt-codex-connector,reviewed,https://github.com/openai/openai-agents-python/pull/2303,2026-01-13T13:05:09Z
openai/openai-agents-python,chatgpt-codex-connector,reviewed,https://github.com/openai/openai-agents-python/pull/2303,2026-01-13T13:11:49Z
openai/openai-agents-python,chatgpt-codex-connector,reviewed,https://github.com/openai/openai-agents-python/pull/2303,2026-01-13T13:20:13Z
openai/openai-agents-python,chatgpt-codex-connector,reviewed,https://github.com/openai/openai-agents-python/pull/2303,2026-01-13T13:27:57Z
openai/openai-agents-python,chatgpt-codex-connector,reviewed,https://github.com/openai/openai-agents-python/pull/2303,2026-01-13T13:39:51Z
openai/openai-agents-python,chatgpt-codex-connector,reviewed,https://github.com/openai/openai-agents-python/pull/2303,2026-01-13T13:56:42Z
openai/openai-agents-python,chatgpt-codex-connector,reviewed,https://github.com/openai/openai-agents-python/pull/2299,2026-01-13T21:24:12Z
openai/openai-agents-python,chatgpt-codex-connector,reviewed,https://github.com/openai/openai-agents-python/pull/2268,2026-01-14T12:22:59Z
openai/openai-agents-python,chatgpt-codex-connector,reviewed,https://github.com/openai/openai-agents-python/pull/2268,2026-01-14T12:36:58Z
openai/openai-agents-python,chatgpt-codex-connector,reviewed,https://github.com/openai/openai-agents-python/pull/2307,2026-01-15T01:04:49Z
openai/openai-agents-python,chatgpt-codex-connector,reviewed,https://github.com/openai/openai-agents-python/pull/2299,2026-01-15T12:19:48Z
openai/openai-agents-python,chatgpt-codex-connector,reviewed,https://github.com/openai/openai-agents-python/pull/2299,2026-01-15T12:38:10Z
openai/openai-agents-python,chatgpt-codex-connector,reviewed,https://github.com/openai/openai-agents-python/pull/2299,2026-01-15T14:19:52Z
openai/openai-agents-python,chatgpt-codex-connector,reviewed,https://github.com/openai/openai-agents-python/pull/2320,2026-01-16T07:26:20Z
openai/openai-agents-python,chatgpt-codex-connector,reviewed,https://github.com/openai/openai-agents-python/pull/2320,2026-01-16T07:42:02Z
openai/openai-agents-python,chatgpt-codex-connector,reviewed,https://github.com/openai/openai-agents-python/pull/2320,2026-01-16T07:55:27Z
openai/openai-agents-python,chatgpt-codex-connector,reviewed,https://github.com/openai/openai-agents-python/pull/2320,2026-01-16T08:08:19Z
openai/openai-agents-python,chatgpt-codex-connector,reviewed,https://github.com/openai/openai-agents-python/pull/2322,2026-01-16T08:40:26Z
openai/openai-agents-python,chatgpt-codex-connector,reviewed,https://github.com/openai/openai-agents-python/pull/2323,2026-01-16T09:15:20Z
openai/openai-agents-python,chatgpt-codex-connector,reviewed,https://github.com/openai/openai-agents-python/pull/2322,2026-01-16T09:22:23Z
openai/openai-agents-python,chatgpt-codex-connector,reviewed,https://github.com/openai/openai-agents-python/pull/2322,2026-01-16T09:26:06Z
openai/openai-agents-python,chatgpt-codex-connector,reviewed,https://github.com/openai/openai-agents-python/pull/2322,2026-01-16T09:32:24Z
openai/openai-agents-python,chatgpt-codex-connector,reviewed,https://github.com/openai/openai-agents-python/pull/2322,2026-01-16T09:41:40Z
openai/openai-agents-python,chatgpt-codex-connector,reviewed,https://github.com/openai/openai-agents-python/pull/2323,2026-01-16T10:02:20Z
openai/openai-agents-python,chatgpt-codex-connector,reviewed,https://github.com/openai/openai-agents-python/pull/2323,2026-01-16T10:53:07Z
openai/openai-agents-python,chatgpt-codex-connector,reviewed,https://github.com/openai/openai-agents-python/pull/2323,2026-01-16T11:22:30Z
openai/openai-agents-python,chatgpt-codex-connector,reviewed,https://github.com/openai/openai-agents-python/pull/2322,2026-01-16T12:26:27Z
openai/openai-agents-python,chatgpt-codex-connector,reviewed,https://github.com/openai/openai-agents-python/pull/2328,2026-01-18T02:34:54Z
openai/openai-agents-python,chatgpt-codex-connector,reviewed,https://github.com/openai/openai-agents-python/pull/2330,2026-01-18T12:22:04Z
openai/openai-agents-python,chatgpt-codex-connector,commented,https://github.com/openai/openai-agents-python/pull/2328,2026-01-18T23:09:21Z
openai/openai-agents-python,chatgpt-codex-connector,reviewed,https://github.com/openai/openai-agents-python/pull/2328,2026-01-19T00:38:50Z
openai/openai-agents-python,chatgpt-codex-connector,commented,https://github.com/openai/openai-agents-python/pull/2268,2026-01-19T01:34:08Z
openai/openai-agents-python,chatgpt-codex-connector,reviewed,https://github.com/openai/openai-agents-python/pull/2334,2026-01-19T13:09:32Z
openai/openai-agents-python,chatgpt-codex-connector,reviewed,https://github.com/openai/openai-agents-python/pull/2334,2026-01-19T14:24:56Z
openai/openai-agents-python,chatgpt-codex-connector,reviewed,https://github.com/openai/openai-agents-python/pull/2334,2026-01-19T14:31:20Z
openai/openai-agents-python,chatgpt-codex-connector,reviewed,https://github.com/openai/openai-agents-python/pull/2334,2026-01-19T14:46:35Z
openai/openai-agents-python,chatgpt-codex-connector,reviewed,https://github.com/openai/openai-agents-python/pull/2337,2026-01-20T01:08:24Z
openai/openai-agents-python,chatgpt-codex-connector,reviewed,https://github.com/openai/openai-agents-python/pull/2337,2026-01-20T01:45:51Z
openai/openai-agents-python,danielquintas8,commented,https://github.com/openai/openai-agents-python/pull/2041,2025-11-29T17:21:30Z
openai/openai-agents-python,dast-draftwise,issue_opened,https://github.com/openai/openai-agents-python/issues/2259,2026-01-05T09:41:22Z
openai/openai-agents-python,dast-draftwise,labeled,https://github.com/openai/openai-agents-python/issues/2259,2026-01-05T09:41:23Z
openai/openai-agents-python,dast-draftwise,commented,https://github.com/openai/openai-agents-python/issues/2259,2026-01-06T20:21:43Z
openai/openai-agents-python,dast-draftwise,issue_opened,https://github.com/openai/openai-agents-python/issues/2291,2026-01-10T17:04:56Z
openai/openai-agents-python,dast-draftwise,commented,https://github.com/openai/openai-agents-python/issues/2291,2026-01-11T09:07:29Z
openai/openai-agents-python,dast-draftwise,commented,https://github.com/openai/openai-agents-python/issues/2291,2026-01-12T08:40:46Z
openai/openai-agents-python,github-actions,commented,https://github.com/openai/openai-agents-python/pull/2059,2025-12-12T02:12:50Z
openai/openai-agents-python,github-actions,labeled,https://github.com/openai/openai-agents-python/pull/2059,2025-12-12T02:12:50Z
openai/openai-agents-python,github-actions,commented,https://github.com/openai/openai-agents-python/pull/2041,2025-12-16T02:12:54Z
openai/openai-agents-python,github-actions,labeled,https://github.com/openai/openai-agents-python/pull/2041,2025-12-16T02:12:55Z
openai/openai-agents-python,github-actions,commented,https://github.com/openai/openai-agents-python/pull/2157,2025-12-18T02:11:16Z
openai/openai-agents-python,github-actions,labeled,https://github.com/openai/openai-agents-python/pull/2157,2025-12-18T02:11:17Z
openai/openai-agents-python,github-actions,unlabeled,https://github.com/openai/openai-agents-python/pull/2059,2025-12-18T02:11:20Z
openai/openai-agents-python,github-actions,unlabeled,https://github.com/openai/openai-agents-python/pull/2157,2025-12-20T02:09:10Z
openai/openai-agents-python,github-actions,unlabeled,https://github.com/openai/openai-agents-python/pull/2041,2025-12-23T02:12:47Z
openai/openai-agents-python,github-actions,commented,https://github.com/openai/openai-agents-python/pull/2059,2025-12-28T02:13:27Z
openai/openai-agents-python,github-actions,labeled,https://github.com/openai/openai-agents-python/pull/2059,2025-12-28T02:13:28Z
openai/openai-agents-python,github-actions,commented,https://github.com/openai/openai-agents-python/pull/2157,2025-12-30T02:12:58Z
openai/openai-agents-python,github-actions,labeled,https://github.com/openai/openai-agents-python/pull/2157,2025-12-30T02:12:58Z
openai/openai-agents-python,github-actions,commented,https://github.com/openai/openai-agents-python/pull/2041,2026-01-02T02:13:02Z
openai/openai-agents-python,github-actions,labeled,https://github.com/openai/openai-agents-python/pull/2041,2026-01-02T02:13:02Z
openai/openai-agents-python,github-actions,commented,https://github.com/openai/openai-agents-python/pull/2227,2026-01-03T02:11:38Z
openai/openai-agents-python,github-actions,commented,https://github.com/openai/openai-agents-python/pull/2226,2026-01-03T02:11:39Z
openai/openai-agents-python,github-actions,labeled,https://github.com/openai/openai-agents-python/pull/2227,2026-01-03T02:11:39Z
openai/openai-agents-python,github-actions,labeled,https://github.com/openai/openai-agents-python/pull/2226,2026-01-03T02:11:40Z
openai/openai-agents-python,github-actions,commented,https://github.com/openai/openai-agents-python/pull/2225,2026-01-03T02:11:41Z
openai/openai-agents-python,github-actions,labeled,https://github.com/openai/openai-agents-python/pull/2225,2026-01-03T02:11:41Z
openai/openai-agents-python,github-actions,commented,https://github.com/openai/openai-agents-python/pull/2224,2026-01-03T02:11:43Z
openai/openai-agents-python,github-actions,labeled,https://github.com/openai/openai-agents-python/pull/2224,2026-01-03T02:11:43Z
openai/openai-agents-python,github-actions,commented,https://github.com/openai/openai-agents-python/pull/2218,2026-01-03T02:11:45Z
openai/openai-agents-python,github-actions,labeled,https://github.com/openai/openai-agents-python/pull/2218,2026-01-03T02:11:45Z
openai/openai-agents-python,github-actions,commented,https://github.com/openai/openai-agents-python/pull/2158,2026-01-03T02:11:48Z
openai/openai-agents-python,github-actions,labeled,https://github.com/openai/openai-agents-python/pull/2158,2026-01-03T02:11:48Z
openai/openai-agents-python,github-actions,commented,https://github.com/openai/openai-agents-python/pull/2229,2026-01-04T02:13:25Z
openai/openai-agents-python,github-actions,labeled,https://github.com/openai/openai-agents-python/pull/2229,2026-01-04T02:13:25Z
openai/openai-agents-python,github-actions,unlabeled,https://github.com/openai/openai-agents-python/pull/2158,2026-01-05T02:13:30Z
openai/openai-agents-python,github-actions,closed,https://github.com/openai/openai-agents-python/pull/2157,2026-01-06T02:13:00Z
openai/openai-agents-python,github-actions,commented,https://github.com/openai/openai-agents-python/pull/2157,2026-01-06T02:13:00Z
openai/openai-agents-python,github-actions,pr_opened,https://github.com/openai/openai-agents-python/pull/2261,2026-01-06T02:34:39Z
openai/openai-agents-python,github-actions,pr_opened,https://github.com/openai/openai-agents-python/pull/2262,2026-01-06T02:35:40Z
openai/openai-agents-python,github-actions,commented,https://github.com/openai/openai-agents-python/pull/2059,2026-01-08T02:12:48Z
openai/openai-agents-python,github-actions,labeled,https://github.com/openai/openai-agents-python/pull/2059,2026-01-08T02:12:49Z
openai/openai-agents-python,github-actions,closed,https://github.com/openai/openai-agents-python/pull/2041,2026-01-10T02:12:27Z
openai/openai-agents-python,github-actions,commented,https://github.com/openai/openai-agents-python/pull/2041,2026-01-10T02:12:27Z
openai/openai-agents-python,github-actions,commented,https://github.com/openai/openai-agents-python/issues/2259,2026-01-14T02:12:57Z
openai/openai-agents-python,github-actions,labeled,https://github.com/openai/openai-agents-python/issues/2259,2026-01-14T02:12:58Z
openai/openai-agents-python,github-actions,commented,https://github.com/openai/openai-agents-python/issues/2232,2026-01-14T02:12:59Z
openai/openai-agents-python,github-actions,labeled,https://github.com/openai/openai-agents-python/issues/2232,2026-01-14T02:12:59Z
openai/openai-agents-python,github-actions,pr_opened,https://github.com/openai/openai-agents-python/pull/2310,2026-01-15T03:44:01Z
openai/openai-agents-python,github-actions,pr_opened,https://github.com/openai/openai-agents-python/pull/2312,2026-01-15T07:06:26Z
openai/openai-agents-python,github-actions,pr_opened,https://github.com/openai/openai-agents-python/pull/2315,2026-01-15T23:20:20Z
openai/openai-agents-python,github-actions,pr_opened,https://github.com/openai/openai-agents-python/pull/2316,2026-01-16T01:40:32Z
openai/openai-agents-python,github-actions,commented,https://github.com/openai/openai-agents-python/issues/2257,2026-01-16T02:12:54Z
openai/openai-agents-python,github-actions,labeled,https://github.com/openai/openai-agents-python/issues/2257,2026-01-16T02:12:55Z
openai/openai-agents-python,github-actions,commented,https://github.com/openai/openai-agents-python/pull/2245,2026-01-16T02:12:56Z
openai/openai-agents-python,github-actions,labeled,https://github.com/openai/openai-agents-python/pull/2245,2026-01-16T02:12:56Z
openai/openai-agents-python,github-actions,pr_opened,https://github.com/openai/openai-agents-python/pull/2319,2026-01-16T05:31:44Z
openai/openai-agents-python,github-actions,labeled,https://github.com/openai/openai-agents-python/pull/2319,2026-01-16T05:31:45Z
openai/openai-agents-python,github-actions,pr_opened,https://github.com/openai/openai-agents-python/pull/2326,2026-01-17T00:43:11Z
openai/openai-agents-python,github-actions,commented,https://github.com/openai/openai-agents-python/issues/2259,2026-01-18T02:13:18Z
openai/openai-agents-python,github-actions,closed,https://github.com/openai/openai-agents-python/issues/2259,2026-01-18T02:13:19Z
openai/openai-agents-python,github-actions,closed,https://github.com/openai/openai-agents-python/issues/2232,2026-01-18T02:13:20Z
openai/openai-agents-python,github-actions,commented,https://github.com/openai/openai-agents-python/issues/2232,2026-01-18T02:13:20Z
openai/openai-agents-python,github-actions,labeled,https://github.com/openai/openai-agents-python/pull/2332,2026-01-19T01:35:06Z
openai/openai-agents-python,github-actions,pr_opened,https://github.com/openai/openai-agents-python/pull/2332,2026-01-19T01:35:06Z
openai/openai-agents-python,github-actions,commented,https://github.com/openai/openai-agents-python/pull/2282,2026-01-19T02:13:12Z
openai/openai-agents-python,github-actions,labeled,https://github.com/openai/openai-agents-python/pull/2282,2026-01-19T02:13:12Z
openai/openai-agents-python,github-actions,pr_opened,https://github.com/openai/openai-agents-python/pull/2336,2026-01-20T00:36:31Z
openai/openai-agents-python,github-actions,labeled,https://github.com/openai/openai-agents-python/pull/2336,2026-01-20T00:36:32Z
openai/openai-agents-python,github-actions,commented,https://github.com/openai/openai-agents-python/issues/2266,2026-01-20T02:12:54Z
openai/openai-agents-python,github-actions,labeled,https://github.com/openai/openai-agents-python/issues/2266,2026-01-20T02:12:54Z
openai/openai-agents-python,github-actions,pr_opened,https://github.com/openai/openai-agents-python/pull/2338,2026-01-20T02:22:16Z
openai/openai-agents-python,github-actions[bot],pr_opened,https://github.com/openai/openai-agents-python/pull/2261,2026-01-06T02:34:39Z
openai/openai-agents-python,github-actions[bot],pr_opened,https://github.com/openai/openai-agents-python/pull/2262,2026-01-06T02:35:40Z
openai/openai-agents-python,github-actions[bot],pr_opened,https://github.com/openai/openai-agents-python/pull/2310,2026-01-15T03:44:01Z
openai/openai-agents-python,github-actions[bot],pr_opened,https://github.com/openai/openai-agents-python/pull/2312,2026-01-15T07:06:26Z
openai/openai-agents-python,github-actions[bot],pr_opened,https://github.com/openai/openai-agents-python/pull/2315,2026-01-15T23:20:20Z
openai/openai-agents-python,github-actions[bot],pr_opened,https://github.com/openai/openai-agents-python/pull/2316,2026-01-16T01:40:32Z
openai/openai-agents-python,github-actions[bot],pr_opened,https://github.com/openai/openai-agents-python/pull/2319,2026-01-16T05:31:44Z
openai/openai-agents-python,github-actions[bot],pr_opened,https://github.com/openai/openai-agents-python/pull/2326,2026-01-17T00:43:11Z
openai/openai-agents-python,github-actions[bot],pr_opened,https://github.com/openai/openai-agents-python/pull/2332,2026-01-19T01:35:06Z
openai/openai-agents-python,github-actions[bot],pr_opened,https://github.com/openai/openai-agents-python/pull/2336,2026-01-20T00:36:31Z
openai/openai-agents-python,github-actions[bot],pr_opened,https://github.com/openai/openai-agents-python/pull/2338,2026-01-20T02:22:16Z
openai/openai-agents-python,gustavz,pr_opened,https://github.com/openai/openai-agents-python/pull/2284,2026-01-08T17:31:39Z
openai/openai-agents-python,gustavz,labeled,https://github.com/openai/openai-agents-python/pull/2284,2026-01-08T17:31:41Z
openai/openai-agents-python,gustavz,reviewed,https://github.com/openai/openai-agents-python/pull/2284,2026-01-08T18:02:11Z
openai/openai-agents-python,gustavz,reviewed,https://github.com/openai/openai-agents-python/pull/2284,2026-01-08T18:13:08Z
openai/openai-agents-python,gustavz,reviewed,https://github.com/openai/openai-agents-python/pull/2284,2026-01-09T07:25:59Z
openai/openai-agents-python,gustavz,reviewed,https://github.com/openai/openai-agents-python/pull/2284,2026-01-09T08:06:13Z
openai/openai-agents-python,gustavz,reviewed,https://github.com/openai/openai-agents-python/pull/2284,2026-01-09T08:06:19Z
openai/openai-agents-python,gustavz,pr_opened,https://github.com/openai/openai-agents-python/pull/2299,2026-01-12T13:24:04Z
openai/openai-agents-python,gustavz,labeled,https://github.com/openai/openai-agents-python/pull/2299,2026-01-12T13:24:08Z
openai/openai-agents-python,gustavz,reviewed,https://github.com/openai/openai-agents-python/pull/2299,2026-01-13T18:13:17Z
openai/openai-agents-python,gustavz,reviewed,https://github.com/openai/openai-agents-python/pull/2299,2026-01-14T14:09:12Z
openai/openai-agents-python,gustavz,reviewed,https://github.com/openai/openai-agents-python/pull/2299,2026-01-15T12:12:12Z
openai/openai-agents-python,gustavz,reviewed,https://github.com/openai/openai-agents-python/pull/2299,2026-01-15T12:31:19Z
openai/openai-agents-python,habema,issue_opened,https://github.com/openai/openai-agents-python/issues/2061,2025-11-09T17:23:41Z
openai/openai-agents-python,habema,labeled,https://github.com/openai/openai-agents-python/issues/2061,2025-11-09T17:23:43Z
openai/openai-agents-python,habema,pr_opened,https://github.com/openai/openai-agents-python/pull/2268,2026-01-07T15:22:55Z
openai/openai-agents-python,habema,commented,https://github.com/openai/openai-agents-python/pull/2268,2026-01-14T12:19:58Z
openai/openai-agents-python,habema,pr_opened,https://github.com/openai/openai-agents-python/pull/2329,2026-01-18T10:13:50Z
openai/openai-agents-python,habema,pr_opened,https://github.com/openai/openai-agents-python/pull/2331,2026-01-18T12:47:37Z
openai/openai-agents-python,ihower,commented,https://github.com/openai/openai-agents-python/issues/2109,2025-11-20T08:28:57Z
openai/openai-agents-python,ihower,commented,https://github.com/openai/openai-agents-python/issues/2109,2025-11-24T10:02:37Z
openai/openai-agents-python,ihower,commented,https://github.com/openai/openai-agents-python/issues/2137,2025-12-01T15:57:01Z
openai/openai-agents-python,ihower,pr_opened,https://github.com/openai/openai-agents-python/pull/2158,2025-12-07T06:22:17Z
openai/openai-agents-python,ihower,commented,https://github.com/openai/openai-agents-python/issues/2137,2025-12-07T06:27:59Z
openai/openai-agents-python,ihower,commented,https://github.com/openai/openai-agents-python/pull/2157,2025-12-07T08:50:01Z
openai/openai-agents-python,ihower,commented,https://github.com/openai/openai-agents-python/issues/2211,2025-12-20T05:18:29Z
openai/openai-agents-python,ihower,reviewed,https://github.com/openai/openai-agents-python/pull/2158,2025-12-23T06:44:05Z
openai/openai-agents-python,ihower,reviewed,https://github.com/openai/openai-agents-python/pull/2158,2025-12-23T06:44:25Z
openai/openai-agents-python,ihower,commented,https://github.com/openai/openai-agents-python/issues/2222,2025-12-23T13:53:15Z
openai/openai-agents-python,ihower,commented,https://github.com/openai/openai-agents-python/issues/2232,2025-12-24T09:11:00Z
openai/openai-agents-python,ihower,commented,https://github.com/openai/openai-agents-python/issues/2232,2025-12-26T07:19:57Z
openai/openai-agents-python,ihower,commented,https://github.com/openai/openai-agents-python/issues/2232,2025-12-26T10:51:51Z
openai/openai-agents-python,ihower,commented,https://github.com/openai/openai-agents-python/issues/2257,2026-01-04T13:40:27Z
openai/openai-agents-python,ihower,commented,https://github.com/openai/openai-agents-python/pull/2245,2026-01-05T03:29:04Z
openai/openai-agents-python,ihower,reviewed,https://github.com/openai/openai-agents-python/pull/2158,2026-01-05T07:52:52Z
openai/openai-agents-python,ihower,commented,https://github.com/openai/openai-agents-python/issues/2259,2026-01-05T14:54:57Z
openai/openai-agents-python,ihower,commented,https://github.com/openai/openai-agents-python/issues/2232,2026-01-05T15:26:41Z
openai/openai-agents-python,ihower,commented,https://github.com/openai/openai-agents-python/issues/2257,2026-01-08T17:53:09Z
openai/openai-agents-python,ihower,commented,https://github.com/openai/openai-agents-python/issues/2293,2026-01-11T08:59:27Z
openai/openai-agents-python,ihower,commented,https://github.com/openai/openai-agents-python/issues/2294,2026-01-11T17:30:00Z
openai/openai-agents-python,ihower,pr_opened,https://github.com/openai/openai-agents-python/pull/2330,2026-01-18T12:20:11Z
openai/openai-agents-python,ihower,commented,https://github.com/openai/openai-agents-python/pull/2330,2026-01-18T12:22:21Z
openai/openai-agents-python,ihower,commented,https://github.com/openai/openai-agents-python/pull/2330,2026-01-18T16:00:06Z
openai/openai-agents-python,ihower,closed,https://github.com/openai/openai-agents-python/pull/2330,2026-01-19T02:47:56Z
openai/openai-agents-python,ihower,commented,https://github.com/openai/openai-agents-python/pull/2330,2026-01-19T02:47:56Z
openai/openai-agents-python,jao-o-garcia,issue_opened,https://github.com/openai/openai-agents-python/issues/2293,2026-01-11T08:44:30Z
openai/openai-agents-python,jao-o-garcia,labeled,https://github.com/openai/openai-agents-python/issues/2293,2026-01-11T08:44:32Z
openai/openai-agents-python,jao-o-garcia,closed,https://github.com/openai/openai-agents-python/issues/2293,2026-01-11T09:44:31Z
openai/openai-agents-python,jao-o-garcia,commented,https://github.com/openai/openai-agents-python/issues/2293,2026-01-11T09:44:31Z
openai/openai-agents-python,jao-o-garcia,issue_opened,https://github.com/openai/openai-agents-python/issues/2294,2026-01-11T17:04:14Z
openai/openai-agents-python,jao-o-garcia,labeled,https://github.com/openai/openai-agents-python/issues/2294,2026-01-11T17:04:15Z
openai/openai-agents-python,jao-o-garcia,commented,https://github.com/openai/openai-agents-python/issues/2294,2026-01-11T17:43:52Z
openai/openai-agents-python,jao-o-garcia,closed,https://github.com/openai/openai-agents-python/issues/2294,2026-01-12T02:47:01Z
openai/openai-agents-python,jao-o-garcia,commented,https://github.com/openai/openai-agents-python/issues/2294,2026-01-12T02:47:01Z
openai/openai-agents-python,jhills20,pr_opened,https://github.com/openai/openai-agents-python/pull/2157,2025-12-05T14:58:37Z
openai/openai-agents-python,kkwhale7,commented,https://github.com/openai/openai-agents-python/issues/2109,2025-11-24T09:43:22Z
openai/openai-agents-python,lawalkeyd,commented,https://github.com/openai/openai-agents-python/issues/2109,2025-11-24T09:48:37Z
openai/openai-agents-python,lijianguo1211,issue_opened,https://github.com/openai/openai-agents-python/issues/2333,2026-01-19T09:18:00Z
openai/openai-agents-python,lijianguo1211,labeled,https://github.com/openai/openai-agents-python/issues/2333,2026-01-19T09:18:02Z
openai/openai-agents-python,lijianguo1211,commented,https://github.com/openai/openai-agents-python/issues/2333,2026-01-19T09:53:25Z
openai/openai-agents-python,markmcd,reviewed,https://github.com/openai/openai-agents-python/pull/2158,2025-12-19T00:46:50Z
openai/openai-agents-python,mattlgroff,issue_opened,https://github.com/openai/openai-agents-python/issues/1609,2025-08-29T01:25:39Z
openai/openai-agents-python,mattlgroff,labeled,https://github.com/openai/openai-agents-python/issues/1609,2025-08-29T01:25:40Z
openai/openai-agents-python,mbegur,commented,https://github.com/openai/openai-agents-python/pull/2158,2025-12-17T22:38:56Z
openai/openai-agents-python,moseshu,issue_opened,https://github.com/openai/openai-agents-python/issues/2296,2026-01-12T05:45:52Z
openai/openai-agents-python,moseshu,labeled,https://github.com/openai/openai-agents-python/issues/2296,2026-01-12T05:45:53Z
openai/openai-agents-python,moseshu,closed,https://github.com/openai/openai-agents-python/issues/2296,2026-01-12T07:29:55Z
openai/openai-agents-python,moseshu,commented,https://github.com/openai/openai-agents-python/issues/2296,2026-01-12T07:30:15Z
openai/openai-agents-python,nbondoux,issue_opened,https://github.com/openai/openai-agents-python/issues/2009,2025-10-29T23:12:58Z
openai/openai-agents-python,nbondoux,labeled,https://github.com/openai/openai-agents-python/issues/2009,2025-10-29T23:13:00Z
openai/openai-agents-python,nbondoux,issue_opened,https://github.com/openai/openai-agents-python/issues/2010,2025-10-29T23:23:20Z
openai/openai-agents-python,nbondoux,labeled,https://github.com/openai/openai-agents-python/issues/2010,2025-10-29T23:23:21Z
openai/openai-agents-python,pokliu,issue_opened,https://github.com/openai/openai-agents-python/issues/2171,2025-12-11T04:40:55Z
openai/openai-agents-python,pokliu,labeled,https://github.com/openai/openai-agents-python/issues/2171,2025-12-11T04:40:56Z
openai/openai-agents-python,pokliu,commented,https://github.com/openai/openai-agents-python/issues/2171,2025-12-11T08:43:29Z
openai/openai-agents-python,ralliesai,commented,https://github.com/openai/openai-agents-python/issues/2109,2025-12-04T00:53:32Z
openai/openai-agents-python,rm-openai,pr_opened,https://github.com/openai/openai-agents-python/pull/2260,2026-01-05T16:39:10Z
openai/openai-agents-python,rm-openai,commented,https://github.com/openai/openai-agents-python/pull/2260,2026-01-05T17:09:59Z
openai/openai-agents-python,rm-openai,reviewed,https://github.com/openai/openai-agents-python/pull/2263,2026-01-06T15:31:36Z
openai/openai-agents-python,rm-openai,pr_merged,https://github.com/openai/openai-agents-python/pull/2263,2026-01-06T15:31:44Z
openai/openai-agents-python,rm-openai,closed,https://github.com/openai/openai-agents-python/pull/2263,2026-01-06T15:31:45Z
openai/openai-agents-python,ruskaruma,pr_opened,https://github.com/openai/openai-agents-python/pull/2059,2025-11-07T21:41:27Z
openai/openai-agents-python,ruskaruma,commented,https://github.com/openai/openai-agents-python/pull/2059,2025-11-07T21:45:09Z
openai/openai-agents-python,ruskaruma,commented,https://github.com/openai/openai-agents-python/issues/2009,2025-11-09T20:43:57Z
openai/openai-agents-python,ruskaruma,commented,https://github.com/openai/openai-agents-python/pull/2059,2025-11-10T19:44:11Z
openai/openai-agents-python,ruskaruma,commented,https://github.com/openai/openai-agents-python/pull/2059,2025-11-12T21:11:50Z
openai/openai-agents-python,ruskaruma,commented,https://github.com/openai/openai-agents-python/pull/2059,2025-11-12T21:41:46Z
openai/openai-agents-python,ruskaruma,pr_opened,https://github.com/openai/openai-agents-python/pull/2224,2025-12-23T10:58:26Z
openai/openai-agents-python,ruskaruma,commented,https://github.com/openai/openai-agents-python/pull/2224,2025-12-23T12:07:30Z
openai/openai-agents-python,ruskaruma,commented,https://github.com/openai/openai-agents-python/pull/2224,2026-01-08T23:32:23Z
openai/openai-agents-python,sandsc,commented,https://github.com/openai/openai-agents-python/issues/2204,2025-12-19T00:46:35Z
openai/openai-agents-python,sebastianherreramonterrosa,issue_opened,https://github.com/openai/openai-agents-python/issues/2257,2026-01-04T05:54:55Z
openai/openai-agents-python,sebastianherreramonterrosa,labeled,https://github.com/openai/openai-agents-python/issues/2257,2026-01-04T05:54:56Z
openai/openai-agents-python,sebastianherreramonterrosa,commented,https://github.com/openai/openai-agents-python/issues/2257,2026-01-08T15:31:57Z
openai/openai-agents-python,seratch,labeled,https://github.com/openai/openai-agents-python/issues/1609,2025-08-29T01:34:05Z
openai/openai-agents-python,seratch,labeled,https://github.com/openai/openai-agents-python/issues/1830,2025-09-30T18:42:37Z
openai/openai-agents-python,seratch,commented,https://github.com/openai/openai-agents-python/issues/1830,2025-09-30T18:43:49Z
openai/openai-agents-python,seratch,labeled,https://github.com/openai/openai-agents-python/issues/2009,2025-10-29T23:38:48Z
openai/openai-agents-python,seratch,labeled,https://github.com/openai/openai-agents-python/issues/2010,2025-10-29T23:39:14Z
openai/openai-agents-python,seratch,labeled,https://github.com/openai/openai-agents-python/pull/2041,2025-11-04T23:16:09Z
openai/openai-agents-python,seratch,labeled,https://github.com/openai/openai-agents-python/pull/2059,2025-11-10T03:53:32Z
openai/openai-agents-python,seratch,labeled,https://github.com/openai/openai-agents-python/issues/2061,2025-11-10T03:56:54Z
openai/openai-agents-python,seratch,commented,https://github.com/openai/openai-agents-python/pull/2059,2025-11-12T21:34:38Z
openai/openai-agents-python,seratch,commented,https://github.com/openai/openai-agents-python/pull/2041,2025-11-14T05:34:21Z
openai/openai-agents-python,seratch,labeled,https://github.com/openai/openai-agents-python/issues/2109,2025-11-20T01:32:39Z
openai/openai-agents-python,seratch,unlabeled,https://github.com/openai/openai-agents-python/issues/2109,2025-11-20T01:32:39Z
openai/openai-agents-python,seratch,labeled,https://github.com/openai/openai-agents-python/issues/2137,2025-12-02T07:58:32Z
openai/openai-agents-python,seratch,unlabeled,https://github.com/openai/openai-agents-python/issues/2137,2025-12-02T07:58:32Z
openai/openai-agents-python,seratch,labeled,https://github.com/openai/openai-agents-python/issues/2155,2025-12-05T03:56:04Z
openai/openai-agents-python,seratch,unlabeled,https://github.com/openai/openai-agents-python/issues/2155,2025-12-05T03:56:04Z
openai/openai-agents-python,seratch,labeled,https://github.com/openai/openai-agents-python/pull/2157,2025-12-05T23:41:16Z
openai/openai-agents-python,seratch,labeled,https://github.com/openai/openai-agents-python/pull/2158,2025-12-08T01:48:30Z
openai/openai-agents-python,seratch,commented,https://github.com/openai/openai-agents-python/pull/2158,2025-12-08T01:52:40Z
openai/openai-agents-python,seratch,labeled,https://github.com/openai/openai-agents-python/issues/2171,2025-12-11T04:43:22Z
openai/openai-agents-python,seratch,labeled,https://github.com/openai/openai-agents-python/issues/2195,2025-12-17T03:40:50Z
openai/openai-agents-python,seratch,commented,https://github.com/openai/openai-agents-python/issues/2195,2025-12-17T03:42:01Z
openai/openai-agents-python,seratch,commented,https://github.com/openai/openai-agents-python/pull/2158,2025-12-17T22:40:34Z
openai/openai-agents-python,seratch,labeled,https://github.com/openai/openai-agents-python/issues/2204,2025-12-19T01:50:08Z
openai/openai-agents-python,seratch,issue_opened,https://github.com/openai/openai-agents-python/issues/2206,2025-12-19T06:47:03Z
openai/openai-agents-python,seratch,assigned,https://github.com/openai/openai-agents-python/issues/2206,2025-12-19T06:47:04Z
openai/openai-agents-python,seratch,labeled,https://github.com/openai/openai-agents-python/issues/2206,2025-12-19T06:47:05Z
openai/openai-agents-python,seratch,assigned,https://github.com/openai/openai-agents-python/issues/2211,2025-12-19T23:39:18Z
openai/openai-agents-python,seratch,issue_opened,https://github.com/openai/openai-agents-python/issues/2211,2025-12-19T23:39:18Z
openai/openai-agents-python,seratch,labeled,https://github.com/openai/openai-agents-python/issues/2211,2025-12-19T23:39:19Z
openai/openai-agents-python,seratch,labeled,https://github.com/openai/openai-agents-python/issues/2211,2025-12-19T23:39:20Z
openai/openai-agents-python,seratch,labeled,https://github.com/openai/openai-agents-python/pull/2218,2025-12-22T00:57:20Z
openai/openai-agents-python,seratch,reviewed,https://github.com/openai/openai-agents-python/pull/2158,2025-12-23T01:47:12Z
openai/openai-agents-python,seratch,reviewed,https://github.com/openai/openai-agents-python/pull/2158,2025-12-23T08:34:43Z
openai/openai-agents-python,seratch,reviewed,https://github.com/openai/openai-agents-python/pull/2158,2025-12-23T08:37:17Z
openai/openai-agents-python,seratch,labeled,https://github.com/openai/openai-agents-python/pull/2225,2025-12-23T13:38:59Z
openai/openai-agents-python,seratch,pr_opened,https://github.com/openai/openai-agents-python/pull/2225,2025-12-23T13:38:59Z
openai/openai-agents-python,seratch,labeled,https://github.com/openai/openai-agents-python/pull/2225,2025-12-23T13:39:00Z
openai/openai-agents-python,seratch,labeled,https://github.com/openai/openai-agents-python/pull/2224,2025-12-23T13:39:41Z
openai/openai-agents-python,seratch,commented,https://github.com/openai/openai-agents-python/pull/2224,2025-12-23T13:40:19Z
openai/openai-agents-python,seratch,labeled,https://github.com/openai/openai-agents-python/issues/2222,2025-12-23T13:56:24Z
openai/openai-agents-python,seratch,unlabeled,https://github.com/openai/openai-agents-python/issues/2222,2025-12-23T13:56:24Z
openai/openai-agents-python,seratch,pr_opened,https://github.com/openai/openai-agents-python/pull/2226,2025-12-23T13:59:50Z
openai/openai-agents-python,seratch,labeled,https://github.com/openai/openai-agents-python/pull/2226,2025-12-23T13:59:51Z
openai/openai-agents-python,seratch,labeled,https://github.com/openai/openai-agents-python/pull/2226,2025-12-23T13:59:52Z
openai/openai-agents-python,seratch,commented,https://github.com/openai/openai-agents-python/issues/2222,2025-12-23T14:01:05Z
openai/openai-agents-python,seratch,reviewed,https://github.com/openai/openai-agents-python/pull/2218,2025-12-23T14:13:27Z
openai/openai-agents-python,seratch,pr_opened,https://github.com/openai/openai-agents-python/pull/2227,2025-12-23T14:17:36Z
openai/openai-agents-python,seratch,labeled,https://github.com/openai/openai-agents-python/pull/2227,2025-12-23T14:17:37Z
openai/openai-agents-python,seratch,reviewed,https://github.com/openai/openai-agents-python/pull/2158,2025-12-23T14:51:35Z
openai/openai-agents-python,seratch,pr_opened,https://github.com/openai/openai-agents-python/pull/2229,2025-12-24T02:29:12Z
openai/openai-agents-python,seratch,labeled,https://github.com/openai/openai-agents-python/pull/2229,2025-12-24T02:29:13Z
openai/openai-agents-python,seratch,unlabeled,https://github.com/openai/openai-agents-python/pull/2059,2025-12-28T02:31:51Z
openai/openai-agents-python,seratch,reviewed,https://github.com/openai/openai-agents-python/pull/2158,2026-01-05T02:39:18Z
openai/openai-agents-python,seratch,unlabeled,https://github.com/openai/openai-agents-python/pull/2218,2026-01-05T02:40:01Z
openai/openai-agents-python,seratch,unlabeled,https://github.com/openai/openai-agents-python/pull/2227,2026-01-05T02:40:28Z
openai/openai-agents-python,seratch,unlabeled,https://github.com/openai/openai-agents-python/pull/2229,2026-01-05T02:41:16Z
openai/openai-agents-python,seratch,unlabeled,https://github.com/openai/openai-agents-python/pull/2224,2026-01-05T02:41:49Z
openai/openai-agents-python,seratch,unlabeled,https://github.com/openai/openai-agents-python/pull/2225,2026-01-05T02:42:06Z
openai/openai-agents-python,seratch,unlabeled,https://github.com/openai/openai-agents-python/pull/2226,2026-01-05T02:42:22Z
openai/openai-agents-python,seratch,labeled,https://github.com/openai/openai-agents-python/pull/2255,2026-01-05T03:07:15Z
openai/openai-agents-python,seratch,labeled,https://github.com/openai/openai-agents-python/issues/2257,2026-01-05T03:09:02Z
openai/openai-agents-python,seratch,unlabeled,https://github.com/openai/openai-agents-python/issues/2257,2026-01-05T03:09:02Z
openai/openai-agents-python,seratch,labeled,https://github.com/openai/openai-agents-python/issues/2246,2026-01-05T03:18:13Z
openai/openai-agents-python,seratch,labeled,https://github.com/openai/openai-agents-python/pull/2243,2026-01-05T03:36:28Z
openai/openai-agents-python,seratch,commented,https://github.com/openai/openai-agents-python/pull/2243,2026-01-05T03:36:44Z
openai/openai-agents-python,seratch,labeled,https://github.com/openai/openai-agents-python/pull/2245,2026-01-05T03:44:24Z
openai/openai-agents-python,seratch,labeled,https://github.com/openai/openai-agents-python/pull/2260,2026-01-06T01:33:38Z
openai/openai-agents-python,seratch,reviewed,https://github.com/openai/openai-agents-python/pull/2158,2026-01-06T01:37:38Z
openai/openai-agents-python,seratch,pr_merged,https://github.com/openai/openai-agents-python/pull/2158,2026-01-06T01:38:15Z
openai/openai-agents-python,seratch,closed,https://github.com/openai/openai-agents-python/pull/2158,2026-01-06T01:38:16Z
openai/openai-agents-python,seratch,commented,https://github.com/openai/openai-agents-python/pull/2255,2026-01-06T01:45:56Z
openai/openai-agents-python,seratch,reviewed,https://github.com/openai/openai-agents-python/pull/2260,2026-01-06T02:13:08Z
openai/openai-agents-python,seratch,closed,https://github.com/openai/openai-agents-python/pull/2260,2026-01-06T02:17:22Z
openai/openai-agents-python,seratch,pr_merged,https://github.com/openai/openai-agents-python/pull/2260,2026-01-06T02:17:22Z
openai/openai-agents-python,seratch,pr_merged,https://github.com/openai/openai-agents-python/pull/2229,2026-01-06T02:17:42Z
openai/openai-agents-python,seratch,closed,https://github.com/openai/openai-agents-python/pull/2229,2026-01-06T02:17:43Z
openai/openai-agents-python,seratch,closed,https://github.com/openai/openai-agents-python/pull/2226,2026-01-06T02:18:17Z
openai/openai-agents-python,seratch,pr_merged,https://github.com/openai/openai-agents-python/pull/2226,2026-01-06T02:18:17Z
openai/openai-agents-python,seratch,closed,https://github.com/openai/openai-agents-python/issues/2222,2026-01-06T02:18:18Z
openai/openai-agents-python,seratch,closed,https://github.com/openai/openai-agents-python/pull/2225,2026-01-06T02:18:33Z
openai/openai-agents-python,seratch,pr_merged,https://github.com/openai/openai-agents-python/pull/2225,2026-01-06T02:18:33Z
openai/openai-agents-python,seratch,closed,https://github.com/openai/openai-agents-python/pull/2227,2026-01-06T02:19:48Z
openai/openai-agents-python,seratch,pr_merged,https://github.com/openai/openai-agents-python/pull/2227,2026-01-06T02:19:48Z
openai/openai-agents-python,seratch,commented,https://github.com/openai/openai-agents-python/pull/2255,2026-01-06T02:20:11Z
openai/openai-agents-python,seratch,closed,https://github.com/openai/openai-agents-python/pull/2255,2026-01-06T02:20:13Z
openai/openai-agents-python,seratch,labeled,https://github.com/openai/openai-agents-python/pull/2254,2026-01-06T02:20:56Z
openai/openai-agents-python,seratch,commented,https://github.com/openai/openai-agents-python/pull/2254,2026-01-06T02:22:09Z
openai/openai-agents-python,seratch,labeled,https://github.com/openai/openai-agents-python/pull/2254,2026-01-06T02:22:17Z
openai/openai-agents-python,seratch,labeled,https://github.com/openai/openai-agents-python/issues/2259,2026-01-06T02:22:45Z
openai/openai-agents-python,seratch,commented,https://github.com/openai/openai-agents-python/issues/2246,2026-01-06T02:27:42Z
openai/openai-agents-python,seratch,closed,https://github.com/openai/openai-agents-python/issues/2246,2026-01-06T02:27:49Z
openai/openai-agents-python,seratch,pr_opened,https://github.com/openai/openai-agents-python/pull/2263,2026-01-06T03:06:26Z
openai/openai-agents-python,seratch,labeled,https://github.com/openai/openai-agents-python/pull/2263,2026-01-06T03:06:28Z
openai/openai-agents-python,seratch,closed,https://github.com/openai/openai-agents-python/pull/2261,2026-01-06T03:06:37Z
openai/openai-agents-python,seratch,closed,https://github.com/openai/openai-agents-python/pull/2262,2026-01-06T03:06:51Z
openai/openai-agents-python,seratch,pr_merged,https://github.com/openai/openai-agents-python/pull/2262,2026-01-06T03:06:51Z
openai/openai-agents-python,seratch,labeled,https://github.com/openai/openai-agents-python/pull/2262,2026-01-06T03:06:54Z
openai/openai-agents-python,seratch,reviewed,https://github.com/openai/openai-agents-python/pull/2243,2026-01-06T05:58:28Z
openai/openai-agents-python,seratch,closed,https://github.com/openai/openai-agents-python/pull/2243,2026-01-06T05:58:38Z
openai/openai-agents-python,seratch,pr_merged,https://github.com/openai/openai-agents-python/pull/2243,2026-01-06T05:58:38Z
openai/openai-agents-python,seratch,closed,https://github.com/openai/openai-agents-python/issues/2204,2026-01-06T05:58:39Z
openai/openai-agents-python,seratch,commented,https://github.com/openai/openai-agents-python/issues/2109,2026-01-07T01:35:35Z
openai/openai-agents-python,seratch,closed,https://github.com/openai/openai-agents-python/issues/2109,2026-01-07T01:35:37Z
openai/openai-agents-python,seratch,commented,https://github.com/openai/openai-agents-python/issues/2137,2026-01-07T01:35:52Z
openai/openai-agents-python,seratch,closed,https://github.com/openai/openai-agents-python/issues/2137,2026-01-07T01:35:53Z
openai/openai-agents-python,seratch,labeled,https://github.com/openai/openai-agents-python/issues/2265,2026-01-07T07:23:49Z
openai/openai-agents-python,seratch,unlabeled,https://github.com/openai/openai-agents-python/issues/2265,2026-01-07T07:23:49Z
openai/openai-agents-python,seratch,commented,https://github.com/openai/openai-agents-python/issues/2265,2026-01-07T07:25:40Z
openai/openai-agents-python,seratch,commented,https://github.com/openai/openai-agents-python/issues/2266,2026-01-07T08:02:59Z
openai/openai-agents-python,seratch,pr_opened,https://github.com/openai/openai-agents-python/pull/2267,2026-01-07T08:21:06Z
openai/openai-agents-python,seratch,labeled,https://github.com/openai/openai-agents-python/pull/2267,2026-01-07T08:21:07Z
openai/openai-agents-python,seratch,labeled,https://github.com/openai/openai-agents-python/pull/2267,2026-01-07T08:21:08Z
openai/openai-agents-python,seratch,reviewed,https://github.com/openai/openai-agents-python/pull/2267,2026-01-07T09:10:07Z
openai/openai-agents-python,seratch,commented,https://github.com/openai/openai-agents-python/pull/2267,2026-01-07T09:10:15Z
openai/openai-agents-python,seratch,reviewed,https://github.com/openai/openai-agents-python/pull/2218,2026-01-07T09:12:05Z
openai/openai-agents-python,seratch,closed,https://github.com/openai/openai-agents-python/pull/2267,2026-01-07T09:18:49Z
openai/openai-agents-python,seratch,pr_merged,https://github.com/openai/openai-agents-python/pull/2267,2026-01-07T09:18:49Z
openai/openai-agents-python,seratch,labeled,https://github.com/openai/openai-agents-python/pull/2268,2026-01-08T00:44:25Z
openai/openai-agents-python,seratch,reviewed,https://github.com/openai/openai-agents-python/pull/2224,2026-01-08T04:28:05Z
openai/openai-agents-python,seratch,pr_opened,https://github.com/openai/openai-agents-python/pull/2270,2026-01-08T04:33:57Z
openai/openai-agents-python,seratch,labeled,https://github.com/openai/openai-agents-python/pull/2270,2026-01-08T04:33:58Z
openai/openai-agents-python,seratch,closed,https://github.com/openai/openai-agents-python/pull/2270,2026-01-08T04:41:39Z
openai/openai-agents-python,seratch,pr_merged,https://github.com/openai/openai-agents-python/pull/2270,2026-01-08T04:41:39Z
openai/openai-agents-python,seratch,pr_opened,https://github.com/openai/openai-agents-python/pull/2271,2026-01-08T06:29:34Z
openai/openai-agents-python,seratch,labeled,https://github.com/openai/openai-agents-python/pull/2271,2026-01-08T06:29:35Z
openai/openai-agents-python,seratch,pr_opened,https://github.com/openai/openai-agents-python/pull/2272,2026-01-08T06:31:48Z
openai/openai-agents-python,seratch,labeled,https://github.com/openai/openai-agents-python/pull/2272,2026-01-08T06:31:50Z
openai/openai-agents-python,seratch,reviewed,https://github.com/openai/openai-agents-python/pull/2271,2026-01-08T06:35:16Z
openai/openai-agents-python,seratch,commented,https://github.com/openai/openai-agents-python/pull/2271,2026-01-08T06:35:26Z
openai/openai-agents-python,seratch,closed,https://github.com/openai/openai-agents-python/pull/2271,2026-01-08T06:39:24Z
openai/openai-agents-python,seratch,pr_merged,https://github.com/openai/openai-agents-python/pull/2271,2026-01-08T06:39:24Z
openai/openai-agents-python,seratch,reviewed,https://github.com/openai/openai-agents-python/pull/2059,2026-01-08T06:50:44Z
openai/openai-agents-python,seratch,unlabeled,https://github.com/openai/openai-agents-python/pull/2059,2026-01-08T06:50:52Z
openai/openai-agents-python,seratch,closed,https://github.com/openai/openai-agents-python/pull/2059,2026-01-08T06:57:33Z
openai/openai-agents-python,seratch,pr_merged,https://github.com/openai/openai-agents-python/pull/2059,2026-01-08T06:57:33Z
openai/openai-agents-python,seratch,closed,https://github.com/openai/openai-agents-python/issues/2009,2026-01-08T06:57:34Z
openai/openai-agents-python,seratch,closed,https://github.com/openai/openai-agents-python/issues/2010,2026-01-08T06:57:34Z
openai/openai-agents-python,seratch,labeled,https://github.com/openai/openai-agents-python/pull/2272,2026-01-08T06:59:26Z
openai/openai-agents-python,seratch,commented,https://github.com/openai/openai-agents-python/pull/2274,2026-01-08T07:12:33Z
openai/openai-agents-python,seratch,closed,https://github.com/openai/openai-agents-python/pull/2274,2026-01-08T07:12:35Z
openai/openai-agents-python,seratch,commented,https://github.com/openai/openai-agents-python/pull/2275,2026-01-08T08:58:09Z
openai/openai-agents-python,seratch,commented,https://github.com/openai/openai-agents-python/pull/2276,2026-01-08T08:59:50Z
openai/openai-agents-python,seratch,labeled,https://github.com/openai/openai-agents-python/pull/2275,2026-01-08T09:00:10Z
openai/openai-agents-python,seratch,labeled,https://github.com/openai/openai-agents-python/pull/2276,2026-01-08T09:00:26Z
openai/openai-agents-python,seratch,commented,https://github.com/openai/openai-agents-python/pull/2277,2026-01-08T09:19:15Z
openai/openai-agents-python,seratch,closed,https://github.com/openai/openai-agents-python/pull/2277,2026-01-08T09:19:17Z
openai/openai-agents-python,seratch,commented,https://github.com/openai/openai-agents-python/pull/2278,2026-01-08T09:26:01Z
openai/openai-agents-python,seratch,closed,https://github.com/openai/openai-agents-python/pull/2278,2026-01-08T09:26:03Z
openai/openai-agents-python,seratch,commented,https://github.com/openai/openai-agents-python/pull/2279,2026-01-08T09:26:45Z
openai/openai-agents-python,seratch,closed,https://github.com/openai/openai-agents-python/pull/2279,2026-01-08T09:26:47Z
openai/openai-agents-python,seratch,closed,https://github.com/openai/openai-agents-python/pull/2275,2026-01-08T09:27:17Z
openai/openai-agents-python,seratch,commented,https://github.com/openai/openai-agents-python/pull/2276,2026-01-08T09:31:11Z
openai/openai-agents-python,seratch,closed,https://github.com/openai/openai-agents-python/pull/2276,2026-01-08T09:31:14Z
openai/openai-agents-python,seratch,commented,https://github.com/openai/openai-agents-python/pull/2280,2026-01-08T09:46:11Z
openai/openai-agents-python,seratch,pr_opened,https://github.com/openai/openai-agents-python/pull/2282,2026-01-08T09:59:49Z
openai/openai-agents-python,seratch,labeled,https://github.com/openai/openai-agents-python/pull/2282,2026-01-08T09:59:50Z
openai/openai-agents-python,seratch,commented,https://github.com/openai/openai-agents-python/pull/2283,2026-01-08T10:14:05Z
openai/openai-agents-python,seratch,closed,https://github.com/openai/openai-agents-python/pull/2280,2026-01-08T10:14:23Z
openai/openai-agents-python,seratch,closed,https://github.com/openai/openai-agents-python/pull/2281,2026-01-08T10:14:38Z
openai/openai-agents-python,seratch,commented,https://github.com/openai/openai-agents-python/pull/2224,2026-01-08T23:34:06Z
openai/openai-agents-python,seratch,reviewed,https://github.com/openai/openai-agents-python/pull/2224,2026-01-09T00:42:06Z
openai/openai-agents-python,seratch,closed,https://github.com/openai/openai-agents-python/pull/2224,2026-01-09T00:42:15Z
openai/openai-agents-python,seratch,pr_merged,https://github.com/openai/openai-agents-python/pull/2224,2026-01-09T00:42:15Z
openai/openai-agents-python,seratch,closed,https://github.com/openai/openai-agents-python/issues/2206,2026-01-09T00:42:16Z
openai/openai-agents-python,seratch,reviewed,https://github.com/openai/openai-agents-python/pull/2284,2026-01-09T00:46:45Z
openai/openai-agents-python,seratch,labeled,https://github.com/openai/openai-agents-python/pull/2284,2026-01-09T00:46:59Z
openai/openai-agents-python,seratch,commented,https://github.com/openai/openai-agents-python/pull/2283,2026-01-09T00:48:21Z
openai/openai-agents-python,seratch,closed,https://github.com/openai/openai-agents-python/pull/2283,2026-01-09T00:48:23Z
openai/openai-agents-python,seratch,reviewed,https://github.com/openai/openai-agents-python/pull/2284,2026-01-09T08:10:46Z
openai/openai-agents-python,seratch,closed,https://github.com/openai/openai-agents-python/pull/2284,2026-01-09T08:20:35Z
openai/openai-agents-python,seratch,pr_merged,https://github.com/openai/openai-agents-python/pull/2284,2026-01-09T08:20:35Z
openai/openai-agents-python,seratch,commented,https://github.com/openai/openai-agents-python/issues/2285,2026-01-09T09:28:38Z
openai/openai-agents-python,seratch,pr_opened,https://github.com/openai/openai-agents-python/pull/2286,2026-01-10T01:53:50Z
openai/openai-agents-python,seratch,labeled,https://github.com/openai/openai-agents-python/pull/2286,2026-01-10T01:53:51Z
openai/openai-agents-python,seratch,closed,https://github.com/openai/openai-agents-python/pull/2286,2026-01-10T01:55:52Z
openai/openai-agents-python,seratch,pr_merged,https://github.com/openai/openai-agents-python/pull/2286,2026-01-10T01:55:52Z
openai/openai-agents-python,seratch,pr_opened,https://github.com/openai/openai-agents-python/pull/2287,2026-01-10T04:46:34Z
openai/openai-agents-python,seratch,labeled,https://github.com/openai/openai-agents-python/pull/2287,2026-01-10T04:46:35Z
openai/openai-agents-python,seratch,closed,https://github.com/openai/openai-agents-python/pull/2287,2026-01-10T05:04:01Z
openai/openai-agents-python,seratch,pr_merged,https://github.com/openai/openai-agents-python/pull/2287,2026-01-10T05:04:01Z
openai/openai-agents-python,seratch,pr_opened,https://github.com/openai/openai-agents-python/pull/2288,2026-01-10T06:00:55Z
openai/openai-agents-python,seratch,labeled,https://github.com/openai/openai-agents-python/pull/2288,2026-01-10T06:00:56Z
openai/openai-agents-python,seratch,pr_merged,https://github.com/openai/openai-agents-python/pull/2288,2026-01-10T06:05:11Z
openai/openai-agents-python,seratch,closed,https://github.com/openai/openai-agents-python/pull/2288,2026-01-10T06:05:12Z
openai/openai-agents-python,seratch,pr_opened,https://github.com/openai/openai-agents-python/pull/2289,2026-01-10T07:57:26Z
openai/openai-agents-python,seratch,labeled,https://github.com/openai/openai-agents-python/pull/2289,2026-01-10T07:57:27Z
openai/openai-agents-python,seratch,closed,https://github.com/openai/openai-agents-python/pull/2289,2026-01-10T08:08:01Z
openai/openai-agents-python,seratch,pr_merged,https://github.com/openai/openai-agents-python/pull/2289,2026-01-10T08:08:01Z
openai/openai-agents-python,seratch,labeled,https://github.com/openai/openai-agents-python/pull/2290,2026-01-10T09:28:41Z
openai/openai-agents-python,seratch,labeled,https://github.com/openai/openai-agents-python/pull/2290,2026-01-10T09:28:53Z
openai/openai-agents-python,seratch,labeled,https://github.com/openai/openai-agents-python/issues/2195,2026-01-10T09:29:09Z
openai/openai-agents-python,seratch,reviewed,https://github.com/openai/openai-agents-python/pull/2290,2026-01-10T09:29:34Z
openai/openai-agents-python,seratch,closed,https://github.com/openai/openai-agents-python/pull/2290,2026-01-10T09:29:43Z
openai/openai-agents-python,seratch,pr_merged,https://github.com/openai/openai-agents-python/pull/2290,2026-01-10T09:29:43Z
openai/openai-agents-python,seratch,closed,https://github.com/openai/openai-agents-python/issues/2195,2026-01-10T09:29:44Z
openai/openai-agents-python,seratch,labeled,https://github.com/openai/openai-agents-python/issues/2291,2026-01-11T00:23:56Z
openai/openai-agents-python,seratch,commented,https://github.com/openai/openai-agents-python/issues/2291,2026-01-11T00:24:40Z
openai/openai-agents-python,seratch,pr_opened,https://github.com/openai/openai-agents-python/pull/2292,2026-01-11T07:46:56Z
openai/openai-agents-python,seratch,labeled,https://github.com/openai/openai-agents-python/pull/2292,2026-01-11T07:47:22Z
openai/openai-agents-python,seratch,closed,https://github.com/openai/openai-agents-python/pull/2292,2026-01-11T07:49:23Z
openai/openai-agents-python,seratch,pr_merged,https://github.com/openai/openai-agents-python/pull/2292,2026-01-11T07:49:23Z
openai/openai-agents-python,seratch,labeled,https://github.com/openai/openai-agents-python/issues/2293,2026-01-11T09:32:22Z
openai/openai-agents-python,seratch,unlabeled,https://github.com/openai/openai-agents-python/issues/2293,2026-01-11T09:32:22Z
openai/openai-agents-python,seratch,pr_opened,https://github.com/openai/openai-agents-python/pull/2295,2026-01-12T01:16:37Z
openai/openai-agents-python,seratch,labeled,https://github.com/openai/openai-agents-python/pull/2295,2026-01-12T01:16:38Z
openai/openai-agents-python,seratch,labeled,https://github.com/openai/openai-agents-python/pull/2295,2026-01-12T01:16:39Z
openai/openai-agents-python,seratch,labeled,https://github.com/openai/openai-agents-python/issues/2291,2026-01-12T01:16:56Z
openai/openai-agents-python,seratch,unlabeled,https://github.com/openai/openai-agents-python/issues/2291,2026-01-12T01:16:56Z
openai/openai-agents-python,seratch,closed,https://github.com/openai/openai-agents-python/pull/2295,2026-01-12T01:26:12Z
openai/openai-agents-python,seratch,pr_merged,https://github.com/openai/openai-agents-python/pull/2295,2026-01-12T01:26:12Z
openai/openai-agents-python,seratch,closed,https://github.com/openai/openai-agents-python/issues/2291,2026-01-12T01:26:13Z
openai/openai-agents-python,seratch,commented,https://github.com/openai/openai-agents-python/issues/2294,2026-01-12T02:00:01Z
openai/openai-agents-python,seratch,commented,https://github.com/openai/openai-agents-python/issues/2266,2026-01-12T02:28:02Z
openai/openai-agents-python,seratch,commented,https://github.com/openai/openai-agents-python/issues/2296,2026-01-12T07:10:48Z
openai/openai-agents-python,seratch,commented,https://github.com/openai/openai-agents-python/issues/2291,2026-01-12T08:43:13Z
openai/openai-agents-python,seratch,pr_opened,https://github.com/openai/openai-agents-python/pull/2298,2026-01-12T09:35:29Z
openai/openai-agents-python,seratch,labeled,https://github.com/openai/openai-agents-python/pull/2298,2026-01-12T09:35:30Z
openai/openai-agents-python,seratch,closed,https://github.com/openai/openai-agents-python/pull/2298,2026-01-12T09:37:49Z
openai/openai-agents-python,seratch,pr_merged,https://github.com/openai/openai-agents-python/pull/2298,2026-01-12T09:37:49Z
openai/openai-agents-python,seratch,reviewed,https://github.com/openai/openai-agents-python/pull/2299,2026-01-12T23:33:20Z
openai/openai-agents-python,seratch,labeled,https://github.com/openai/openai-agents-python/pull/2299,2026-01-12T23:33:36Z
openai/openai-agents-python,seratch,pr_opened,https://github.com/openai/openai-agents-python/pull/2300,2026-01-13T03:04:14Z
openai/openai-agents-python,seratch,labeled,https://github.com/openai/openai-agents-python/pull/2300,2026-01-13T03:04:15Z
openai/openai-agents-python,seratch,closed,https://github.com/openai/openai-agents-python/pull/2300,2026-01-13T03:09:04Z
openai/openai-agents-python,seratch,pr_merged,https://github.com/openai/openai-agents-python/pull/2300,2026-01-13T03:09:04Z
openai/openai-agents-python,seratch,pr_opened,https://github.com/openai/openai-agents-python/pull/2302,2026-01-13T11:51:59Z
openai/openai-agents-python,seratch,labeled,https://github.com/openai/openai-agents-python/pull/2302,2026-01-13T11:52:00Z
openai/openai-agents-python,seratch,reviewed,https://github.com/openai/openai-agents-python/pull/2302,2026-01-13T12:02:26Z
openai/openai-agents-python,seratch,closed,https://github.com/openai/openai-agents-python/pull/2302,2026-01-13T12:07:35Z
openai/openai-agents-python,seratch,pr_merged,https://github.com/openai/openai-agents-python/pull/2302,2026-01-13T12:07:35Z
openai/openai-agents-python,seratch,pr_opened,https://github.com/openai/openai-agents-python/pull/2303,2026-01-13T12:34:20Z
openai/openai-agents-python,seratch,labeled,https://github.com/openai/openai-agents-python/pull/2303,2026-01-13T12:34:21Z
openai/openai-agents-python,seratch,reviewed,https://github.com/openai/openai-agents-python/pull/2303,2026-01-13T12:41:50Z
openai/openai-agents-python,seratch,commented,https://github.com/openai/openai-agents-python/pull/2303,2026-01-13T12:54:11Z
openai/openai-agents-python,seratch,reviewed,https://github.com/openai/openai-agents-python/pull/2303,2026-01-13T13:01:12Z
openai/openai-agents-python,seratch,reviewed,https://github.com/openai/openai-agents-python/pull/2303,2026-01-13T13:10:06Z
openai/openai-agents-python,seratch,reviewed,https://github.com/openai/openai-agents-python/pull/2303,2026-01-13T13:16:02Z
openai/openai-agents-python,seratch,reviewed,https://github.com/openai/openai-agents-python/pull/2303,2026-01-13T13:23:41Z
openai/openai-agents-python,seratch,reviewed,https://github.com/openai/openai-agents-python/pull/2303,2026-01-13T13:32:18Z
openai/openai-agents-python,seratch,reviewed,https://github.com/openai/openai-agents-python/pull/2303,2026-01-13T13:53:21Z
openai/openai-agents-python,seratch,commented,https://github.com/openai/openai-agents-python/issues/2301,2026-01-13T13:58:47Z
openai/openai-agents-python,seratch,closed,https://github.com/openai/openai-agents-python/pull/2303,2026-01-13T13:59:15Z
openai/openai-agents-python,seratch,pr_merged,https://github.com/openai/openai-agents-python/pull/2303,2026-01-13T13:59:15Z
openai/openai-agents-python,seratch,reviewed,https://github.com/openai/openai-agents-python/pull/2299,2026-01-13T21:30:10Z
openai/openai-agents-python,seratch,commented,https://github.com/openai/openai-agents-python/issues/2252,2026-01-13T22:27:08Z
openai/openai-agents-python,seratch,closed,https://github.com/openai/openai-agents-python/issues/2252,2026-01-13T22:27:11Z
openai/openai-agents-python,seratch,pr_opened,https://github.com/openai/openai-agents-python/pull/2304,2026-01-13T23:41:03Z
openai/openai-agents-python,seratch,labeled,https://github.com/openai/openai-agents-python/pull/2304,2026-01-13T23:41:04Z
openai/openai-agents-python,seratch,closed,https://github.com/openai/openai-agents-python/pull/2304,2026-01-14T13:11:46Z
openai/openai-agents-python,seratch,pr_merged,https://github.com/openai/openai-agents-python/pull/2304,2026-01-14T13:11:46Z
openai/openai-agents-python,seratch,pr_opened,https://github.com/openai/openai-agents-python/pull/2305,2026-01-14T14:03:17Z
openai/openai-agents-python,seratch,labeled,https://github.com/openai/openai-agents-python/pull/2305,2026-01-14T14:03:19Z
openai/openai-agents-python,seratch,pr_opened,https://github.com/openai/openai-agents-python/pull/2306,2026-01-15T00:58:06Z
openai/openai-agents-python,seratch,labeled,https://github.com/openai/openai-agents-python/pull/2306,2026-01-15T00:58:07Z
openai/openai-agents-python,seratch,labeled,https://github.com/openai/openai-agents-python/pull/2306,2026-01-15T00:58:08Z
openai/openai-agents-python,seratch,pr_opened,https://github.com/openai/openai-agents-python/pull/2307,2026-01-15T00:59:45Z
openai/openai-agents-python,seratch,labeled,https://github.com/openai/openai-agents-python/pull/2307,2026-01-15T00:59:46Z
openai/openai-agents-python,seratch,closed,https://github.com/openai/openai-agents-python/pull/2306,2026-01-15T01:04:09Z
openai/openai-agents-python,seratch,pr_merged,https://github.com/openai/openai-agents-python/pull/2306,2026-01-15T01:04:09Z
openai/openai-agents-python,seratch,commented,https://github.com/openai/openai-agents-python/pull/2305,2026-01-15T02:36:06Z
openai/openai-agents-python,seratch,closed,https://github.com/openai/openai-agents-python/pull/2305,2026-01-15T02:36:09Z
openai/openai-agents-python,seratch,pr_opened,https://github.com/openai/openai-agents-python/pull/2309,2026-01-15T03:35:22Z
openai/openai-agents-python,seratch,labeled,https://github.com/openai/openai-agents-python/pull/2309,2026-01-15T03:35:24Z
openai/openai-agents-python,seratch,closed,https://github.com/openai/openai-agents-python/pull/2309,2026-01-15T03:40:51Z
openai/openai-agents-python,seratch,pr_merged,https://github.com/openai/openai-agents-python/pull/2309,2026-01-15T03:40:51Z
openai/openai-agents-python,seratch,labeled,https://github.com/openai/openai-agents-python/pull/2310,2026-01-15T03:45:46Z
openai/openai-agents-python,seratch,pr_opened,https://github.com/openai/openai-agents-python/pull/2311,2026-01-15T03:54:14Z
openai/openai-agents-python,seratch,labeled,https://github.com/openai/openai-agents-python/pull/2311,2026-01-15T03:54:16Z
openai/openai-agents-python,seratch,closed,https://github.com/openai/openai-agents-python/pull/2311,2026-01-15T03:58:43Z
openai/openai-agents-python,seratch,pr_merged,https://github.com/openai/openai-agents-python/pull/2311,2026-01-15T03:58:43Z
openai/openai-agents-python,seratch,closed,https://github.com/openai/openai-agents-python/pull/2310,2026-01-15T05:34:36Z
openai/openai-agents-python,seratch,pr_merged,https://github.com/openai/openai-agents-python/pull/2310,2026-01-15T05:34:36Z
openai/openai-agents-python,seratch,reviewed,https://github.com/openai/openai-agents-python/pull/2307,2026-01-15T05:40:36Z
openai/openai-agents-python,seratch,closed,https://github.com/openai/openai-agents-python/pull/2307,2026-01-15T05:45:06Z
openai/openai-agents-python,seratch,pr_merged,https://github.com/openai/openai-agents-python/pull/2307,2026-01-15T05:45:06Z
openai/openai-agents-python,seratch,labeled,https://github.com/openai/openai-agents-python/pull/2312,2026-01-15T07:36:15Z
openai/openai-agents-python,seratch,closed,https://github.com/openai/openai-agents-python/pull/2312,2026-01-15T07:36:22Z
openai/openai-agents-python,seratch,pr_merged,https://github.com/openai/openai-agents-python/pull/2312,2026-01-15T07:36:22Z
openai/openai-agents-python,seratch,commented,https://github.com/openai/openai-agents-python/pull/2299,2026-01-15T12:32:54Z
openai/openai-agents-python,seratch,reviewed,https://github.com/openai/openai-agents-python/pull/2299,2026-01-15T14:13:45Z
openai/openai-agents-python,seratch,unlabeled,https://github.com/openai/openai-agents-python/issues/2313,2026-01-15T14:14:29Z
openai/openai-agents-python,seratch,commented,https://github.com/openai/openai-agents-python/issues/2313,2026-01-15T14:15:10Z
openai/openai-agents-python,seratch,closed,https://github.com/openai/openai-agents-python/issues/2313,2026-01-15T14:15:12Z
openai/openai-agents-python,seratch,reviewed,https://github.com/openai/openai-agents-python/pull/2299,2026-01-15T14:21:29Z
openai/openai-agents-python,seratch,closed,https://github.com/openai/openai-agents-python/pull/2299,2026-01-15T14:21:40Z
openai/openai-agents-python,seratch,pr_merged,https://github.com/openai/openai-agents-python/pull/2299,2026-01-15T14:21:40Z
openai/openai-agents-python,seratch,labeled,https://github.com/openai/openai-agents-python/issues/2314,2026-01-15T22:38:42Z
openai/openai-agents-python,seratch,unlabeled,https://github.com/openai/openai-agents-python/issues/2314,2026-01-15T22:38:42Z
openai/openai-agents-python,seratch,commented,https://github.com/openai/openai-agents-python/issues/2314,2026-01-15T23:02:17Z
openai/openai-agents-python,seratch,closed,https://github.com/openai/openai-agents-python/issues/2314,2026-01-15T23:02:19Z
openai/openai-agents-python,seratch,closed,https://github.com/openai/openai-agents-python/pull/2315,2026-01-16T00:12:35Z
openai/openai-agents-python,seratch,commented,https://github.com/openai/openai-agents-python/pull/2218,2026-01-16T01:22:09Z
openai/openai-agents-python,seratch,closed,https://github.com/openai/openai-agents-python/pull/2218,2026-01-16T01:22:12Z
openai/openai-agents-python,seratch,labeled,https://github.com/openai/openai-agents-python/pull/2316,2026-01-16T01:43:43Z
openai/openai-agents-python,seratch,closed,https://github.com/openai/openai-agents-python/pull/2316,2026-01-16T01:43:52Z
openai/openai-agents-python,seratch,pr_merged,https://github.com/openai/openai-agents-python/pull/2316,2026-01-16T01:43:52Z
openai/openai-agents-python,seratch,closed,https://github.com/openai/openai-agents-python/issues/2257,2026-01-16T02:17:03Z
openai/openai-agents-python,seratch,pr_opened,https://github.com/openai/openai-agents-python/pull/2318,2026-01-16T05:22:03Z
openai/openai-agents-python,seratch,labeled,https://github.com/openai/openai-agents-python/pull/2318,2026-01-16T05:22:05Z
openai/openai-agents-python,seratch,pr_merged,https://github.com/openai/openai-agents-python/pull/2318,2026-01-16T05:25:00Z
openai/openai-agents-python,seratch,closed,https://github.com/openai/openai-agents-python/pull/2318,2026-01-16T05:25:01Z
openai/openai-agents-python,seratch,pr_opened,https://github.com/openai/openai-agents-python/pull/2320,2026-01-16T07:22:17Z
openai/openai-agents-python,seratch,labeled,https://github.com/openai/openai-agents-python/pull/2320,2026-01-16T07:22:19Z
openai/openai-agents-python,seratch,reviewed,https://github.com/openai/openai-agents-python/pull/2320,2026-01-16T07:40:24Z
openai/openai-agents-python,seratch,reviewed,https://github.com/openai/openai-agents-python/pull/2320,2026-01-16T07:47:48Z
openai/openai-agents-python,seratch,reviewed,https://github.com/openai/openai-agents-python/pull/2320,2026-01-16T07:59:59Z
openai/openai-agents-python,seratch,labeled,https://github.com/openai/openai-agents-python/issues/2317,2026-01-16T08:06:53Z
openai/openai-agents-python,seratch,commented,https://github.com/openai/openai-agents-python/issues/1609,2026-01-16T08:12:45Z
openai/openai-agents-python,seratch,closed,https://github.com/openai/openai-agents-python/issues/1609,2026-01-16T08:12:47Z
openai/openai-agents-python,seratch,pr_opened,https://github.com/openai/openai-agents-python/pull/2322,2026-01-16T08:37:48Z
openai/openai-agents-python,seratch,labeled,https://github.com/openai/openai-agents-python/pull/2322,2026-01-16T08:37:49Z
openai/openai-agents-python,seratch,commented,https://github.com/openai/openai-agents-python/issues/2285,2026-01-16T08:38:42Z
openai/openai-agents-python,seratch,closed,https://github.com/openai/openai-agents-python/issues/2285,2026-01-16T08:38:43Z
openai/openai-agents-python,seratch,pr_opened,https://github.com/openai/openai-agents-python/pull/2323,2026-01-16T09:08:32Z
openai/openai-agents-python,seratch,labeled,https://github.com/openai/openai-agents-python/pull/2323,2026-01-16T09:08:33Z
openai/openai-agents-python,seratch,labeled,https://github.com/openai/openai-agents-python/pull/2323,2026-01-16T09:08:34Z
openai/openai-agents-python,seratch,commented,https://github.com/openai/openai-agents-python/pull/2254,2026-01-16T09:09:24Z
openai/openai-agents-python,seratch,closed,https://github.com/openai/openai-agents-python/pull/2254,2026-01-16T09:09:27Z
openai/openai-agents-python,seratch,reviewed,https://github.com/openai/openai-agents-python/pull/2322,2026-01-16T09:10:57Z
openai/openai-agents-python,seratch,reviewed,https://github.com/openai/openai-agents-python/pull/2322,2026-01-16T09:23:40Z
openai/openai-agents-python,seratch,reviewed,https://github.com/openai/openai-agents-python/pull/2322,2026-01-16T09:26:38Z
openai/openai-agents-python,seratch,reviewed,https://github.com/openai/openai-agents-python/pull/2322,2026-01-16T09:36:05Z
openai/openai-agents-python,seratch,reviewed,https://github.com/openai/openai-agents-python/pull/2323,2026-01-16T09:52:42Z
openai/openai-agents-python,seratch,reviewed,https://github.com/openai/openai-agents-python/pull/2323,2026-01-16T10:42:24Z
openai/openai-agents-python,seratch,reviewed,https://github.com/openai/openai-agents-python/pull/2323,2026-01-16T11:16:13Z
openai/openai-agents-python,seratch,closed,https://github.com/openai/openai-agents-python/pull/2323,2026-01-16T11:24:13Z
openai/openai-agents-python,seratch,pr_merged,https://github.com/openai/openai-agents-python/pull/2323,2026-01-16T11:24:13Z
openai/openai-agents-python,seratch,closed,https://github.com/openai/openai-agents-python/issues/2171,2026-01-16T11:24:15Z
openai/openai-agents-python,seratch,reviewed,https://github.com/openai/openai-agents-python/pull/2322,2026-01-16T12:18:12Z
openai/openai-agents-python,seratch,closed,https://github.com/openai/openai-agents-python/pull/2322,2026-01-16T12:28:00Z
openai/openai-agents-python,seratch,pr_merged,https://github.com/openai/openai-agents-python/pull/2322,2026-01-16T12:28:00Z
openai/openai-agents-python,seratch,closed,https://github.com/openai/openai-agents-python/issues/2317,2026-01-16T12:28:01Z
openai/openai-agents-python,seratch,commented,https://github.com/openai/openai-agents-python/pull/2324,2026-01-16T22:27:37Z
openai/openai-agents-python,seratch,closed,https://github.com/openai/openai-agents-python/pull/2324,2026-01-16T22:27:39Z
openai/openai-agents-python,seratch,closed,https://github.com/openai/openai-agents-python/pull/2320,2026-01-16T22:27:56Z
openai/openai-agents-python,seratch,pr_merged,https://github.com/openai/openai-agents-python/pull/2320,2026-01-16T22:27:56Z
openai/openai-agents-python,seratch,pr_merged,https://github.com/openai/openai-agents-python/pull/2319,2026-01-16T22:31:00Z
openai/openai-agents-python,seratch,closed,https://github.com/openai/openai-agents-python/pull/2319,2026-01-16T22:31:01Z
openai/openai-agents-python,seratch,pr_opened,https://github.com/openai/openai-agents-python/pull/2325,2026-01-17T00:20:24Z
openai/openai-agents-python,seratch,labeled,https://github.com/openai/openai-agents-python/pull/2325,2026-01-17T00:20:26Z
openai/openai-agents-python,seratch,closed,https://github.com/openai/openai-agents-python/pull/2325,2026-01-17T00:24:00Z
openai/openai-agents-python,seratch,pr_merged,https://github.com/openai/openai-agents-python/pull/2325,2026-01-17T00:24:00Z
openai/openai-agents-python,seratch,closed,https://github.com/openai/openai-agents-python/pull/2326,2026-01-17T00:51:15Z
openai/openai-agents-python,seratch,pr_merged,https://github.com/openai/openai-agents-python/pull/2326,2026-01-17T00:51:15Z
openai/openai-agents-python,seratch,labeled,https://github.com/openai/openai-agents-python/pull/2326,2026-01-17T03:25:42Z
openai/openai-agents-python,seratch,pr_opened,https://github.com/openai/openai-agents-python/pull/2327,2026-01-17T04:18:20Z
openai/openai-agents-python,seratch,labeled,https://github.com/openai/openai-agents-python/pull/2327,2026-01-17T04:18:21Z
openai/openai-agents-python,seratch,commented,https://github.com/openai/openai-agents-python/issues/1830,2026-01-17T07:10:53Z
openai/openai-agents-python,seratch,closed,https://github.com/openai/openai-agents-python/issues/1830,2026-01-17T07:10:55Z
openai/openai-agents-python,seratch,commented,https://github.com/openai/openai-agents-python/pull/2330,2026-01-18T12:47:34Z
openai/openai-agents-python,seratch,labeled,https://github.com/openai/openai-agents-python/pull/2330,2026-01-18T22:54:35Z
openai/openai-agents-python,seratch,commented,https://github.com/openai/openai-agents-python/pull/2330,2026-01-18T23:02:10Z
openai/openai-agents-python,seratch,labeled,https://github.com/openai/openai-agents-python/pull/2328,2026-01-18T23:03:32Z
openai/openai-agents-python,seratch,commented,https://github.com/openai/openai-agents-python/pull/2328,2026-01-18T23:03:41Z
openai/openai-agents-python,seratch,labeled,https://github.com/openai/openai-agents-python/pull/2329,2026-01-18T23:04:22Z
openai/openai-agents-python,seratch,closed,https://github.com/openai/openai-agents-python/pull/2329,2026-01-18T23:04:31Z
openai/openai-agents-python,seratch,pr_merged,https://github.com/openai/openai-agents-python/pull/2329,2026-01-18T23:04:31Z
openai/openai-agents-python,seratch,labeled,https://github.com/openai/openai-agents-python/pull/2331,2026-01-18T23:05:12Z
openai/openai-agents-python,seratch,closed,https://github.com/openai/openai-agents-python/pull/2331,2026-01-18T23:05:20Z
openai/openai-agents-python,seratch,pr_merged,https://github.com/openai/openai-agents-python/pull/2331,2026-01-18T23:05:20Z
openai/openai-agents-python,seratch,commented,https://github.com/openai/openai-agents-python/pull/2328,2026-01-19T00:12:44Z
openai/openai-agents-python,seratch,commented,https://github.com/openai/openai-agents-python/pull/2328,2026-01-19T01:16:51Z
openai/openai-agents-python,seratch,reviewed,https://github.com/openai/openai-agents-python/pull/2328,2026-01-19T01:25:34Z
openai/openai-agents-python,seratch,closed,https://github.com/openai/openai-agents-python/pull/2328,2026-01-19T01:25:44Z
openai/openai-agents-python,seratch,pr_merged,https://github.com/openai/openai-agents-python/pull/2328,2026-01-19T01:25:44Z
openai/openai-agents-python,seratch,closed,https://github.com/openai/openai-agents-python/issues/2155,2026-01-19T01:25:46Z
openai/openai-agents-python,seratch,labeled,https://github.com/openai/openai-agents-python/pull/2268,2026-01-19T01:27:45Z
openai/openai-agents-python,seratch,commented,https://github.com/openai/openai-agents-python/pull/2268,2026-01-19T01:28:01Z
openai/openai-agents-python,seratch,commented,https://github.com/openai/openai-agents-python/pull/2245,2026-01-19T01:28:53Z
openai/openai-agents-python,seratch,closed,https://github.com/openai/openai-agents-python/pull/2245,2026-01-19T01:28:55Z
openai/openai-agents-python,seratch,reviewed,https://github.com/openai/openai-agents-python/pull/2268,2026-01-19T01:34:51Z
openai/openai-agents-python,seratch,closed,https://github.com/openai/openai-agents-python/pull/2268,2026-01-19T01:35:45Z
openai/openai-agents-python,seratch,pr_merged,https://github.com/openai/openai-agents-python/pull/2268,2026-01-19T01:35:45Z
openai/openai-agents-python,seratch,closed,https://github.com/openai/openai-agents-python/pull/2332,2026-01-19T01:39:13Z
openai/openai-agents-python,seratch,pr_merged,https://github.com/openai/openai-agents-python/pull/2332,2026-01-19T01:39:13Z
openai/openai-agents-python,seratch,labeled,https://github.com/openai/openai-agents-python/pull/2282,2026-01-19T02:25:12Z
openai/openai-agents-python,seratch,unlabeled,https://github.com/openai/openai-agents-python/pull/2282,2026-01-19T02:25:12Z
openai/openai-agents-python,seratch,labeled,https://github.com/openai/openai-agents-python/issues/2333,2026-01-19T09:29:32Z
openai/openai-agents-python,seratch,unlabeled,https://github.com/openai/openai-agents-python/issues/2333,2026-01-19T09:29:32Z
openai/openai-agents-python,seratch,commented,https://github.com/openai/openai-agents-python/issues/2333,2026-01-19T09:31:18Z
openai/openai-agents-python,seratch,pr_opened,https://github.com/openai/openai-agents-python/pull/2334,2026-01-19T13:02:24Z
openai/openai-agents-python,seratch,labeled,https://github.com/openai/openai-agents-python/pull/2334,2026-01-19T13:02:26Z
openai/openai-agents-python,seratch,commented,https://github.com/openai/openai-agents-python/pull/2334,2026-01-19T14:18:10Z
openai/openai-agents-python,seratch,reviewed,https://github.com/openai/openai-agents-python/pull/2334,2026-01-19T14:28:35Z
openai/openai-agents-python,seratch,reviewed,https://github.com/openai/openai-agents-python/pull/2334,2026-01-19T14:38:55Z
openai/openai-agents-python,seratch,closed,https://github.com/openai/openai-agents-python/pull/2334,2026-01-20T00:35:00Z
openai/openai-agents-python,seratch,pr_merged,https://github.com/openai/openai-agents-python/pull/2334,2026-01-20T00:35:00Z
openai/openai-agents-python,seratch,closed,https://github.com/openai/openai-agents-python/issues/2333,2026-01-20T00:35:01Z
openai/openai-agents-python,seratch,pr_opened,https://github.com/openai/openai-agents-python/pull/2337,2026-01-20T01:01:36Z
openai/openai-agents-python,seratch,labeled,https://github.com/openai/openai-agents-python/pull/2337,2026-01-20T01:01:38Z
openai/openai-agents-python,seratch,reviewed,https://github.com/openai/openai-agents-python/pull/2337,2026-01-20T01:40:34Z
openai/openai-agents-python,seratch,closed,https://github.com/openai/openai-agents-python/pull/2337,2026-01-20T01:46:30Z
openai/openai-agents-python,seratch,pr_merged,https://github.com/openai/openai-agents-python/pull/2337,2026-01-20T01:46:30Z
openai/openai-agents-python,seratch,closed,https://github.com/openai/openai-agents-python/issues/2061,2026-01-20T01:46:31Z
openai/openai-agents-python,seratch,closed,https://github.com/openai/openai-agents-python/pull/2336,2026-01-20T01:56:04Z
openai/openai-agents-python,seratch,pr_merged,https://github.com/openai/openai-agents-python/pull/2336,2026-01-20T01:56:04Z
openai/openai-agents-python,seratch,closed,https://github.com/openai/openai-agents-python/issues/2266,2026-01-20T02:18:18Z
openai/openai-agents-python,seratch,labeled,https://github.com/openai/openai-agents-python/issues/2335,2026-01-20T02:19:30Z
openai/openai-agents-python,seratch,unlabeled,https://github.com/openai/openai-agents-python/issues/2335,2026-01-20T02:19:30Z
openai/openai-agents-python,seratch,closed,https://github.com/openai/openai-agents-python/issues/2335,2026-01-20T02:20:08Z
openai/openai-agents-python,seratch,labeled,https://github.com/openai/openai-agents-python/pull/2338,2026-01-20T02:23:04Z
openai/openai-agents-python,seratch,closed,https://github.com/openai/openai-agents-python/pull/2338,2026-01-20T02:23:11Z
openai/openai-agents-python,seratch,pr_merged,https://github.com/openai/openai-agents-python/pull/2338,2026-01-20T02:23:11Z
openai/openai-agents-python,seratch,pr_merged,https://github.com/openai/openai-agents-python/pull/2327,2026-01-20T03:08:22Z
openai/openai-agents-python,seratch,closed,https://github.com/openai/openai-agents-python/pull/2327,2026-01-20T03:08:23Z
openai/openai-agents-python,seratch,closed,https://github.com/openai/openai-agents-python/pull/2282,2026-01-20T03:08:41Z
openai/openai-agents-python,seratch,pr_merged,https://github.com/openai/openai-agents-python/pull/2282,2026-01-20T03:08:41Z
openai/openai-agents-python,seratch,closed,https://github.com/openai/openai-agents-python/pull/2272,2026-01-20T03:08:56Z
openai/openai-agents-python,seratch,pr_merged,https://github.com/openai/openai-agents-python/pull/2272,2026-01-20T03:08:56Z
openai/openai-agents-python,seratch,closed,https://github.com/openai/openai-agents-python/issues/2211,2026-01-20T03:08:58Z
openai/openai-agents-python,shovelmn12,commented,https://github.com/openai/openai-agents-python/issues/2155,2025-12-09T14:18:53Z
openai/openai-agents-python,shreyansh26,commented,https://github.com/openai/openai-agents-python/pull/2158,2026-01-04T14:37:21Z
openai/openai-agents-python,silvasw,issue_opened,https://github.com/openai/openai-agents-python/issues/2137,2025-12-01T15:14:40Z
openai/openai-agents-python,silvasw,labeled,https://github.com/openai/openai-agents-python/issues/2137,2025-12-01T15:14:41Z
openai/openai-agents-python,silvasw,commented,https://github.com/openai/openai-agents-python/issues/2137,2025-12-01T22:00:39Z
openai/openai-agents-python,silvasw,commented,https://github.com/openai/openai-agents-python/issues/2137,2025-12-02T09:44:42Z
openai/openai-agents-python,stelgic,commented,https://github.com/openai/openai-agents-python/issues/2137,2025-12-04T12:55:48Z
openai/openai-agents-python,varunursekar,issue_opened,https://github.com/openai/openai-agents-python/issues/2222,2025-12-22T22:30:17Z
openai/openai-agents-python,varunursekar,labeled,https://github.com/openai/openai-agents-python/issues/2222,2025-12-22T22:30:18Z
openai/openai-agents-python,vhq5z6hn5w-coder,commented,https://github.com/openai/openai-agents-python/issues/2246,2025-12-31T15:41:20Z
openai/openai-agents-python,wahmd,pr_opened,https://github.com/openai/openai-agents-python/pull/2328,2026-01-18T02:31:32Z
openai/openai-agents-python,wahmd,reviewed,https://github.com/openai/openai-agents-python/pull/2328,2026-01-18T03:19:34Z
openai/openai-agents-python,wahmd,reviewed,https://github.com/openai/openai-agents-python/pull/2328,2026-01-19T00:33:27Z
openai/openai-agents-python,wahmd,reviewed,https://github.com/openai/openai-agents-python/pull/2328,2026-01-19T00:34:53Z
openai/openai-agents-python,wahmd,reviewed,https://github.com/openai/openai-agents-python/pull/2328,2026-01-19T00:58:23Z
openai/openai-agents-python,willkoh,issue_opened,https://github.com/openai/openai-agents-python/issues/2195,2025-12-16T19:15:38Z
openai/openai-agents-python,willkoh,labeled,https://github.com/openai/openai-agents-python/issues/2195,2025-12-16T19:15:39Z
openai/openai-agents-python,willkoh,commented,https://github.com/openai/openai-agents-python/issues/2195,2025-12-17T19:29:51Z
openai/openai-agents-python,willkoh,commented,https://github.com/openai/openai-agents-python/issues/2195,2026-01-10T08:43:32Z
openai/openai-agents-python,yurekami,pr_opened,https://github.com/openai/openai-agents-python/pull/2245,2025-12-28T19:42:51Z
openai/openai-agents-python,zhuzi-wang,issue_opened,https://github.com/openai/openai-agents-python/issues/2301,2026-01-13T08:55:43Z
openai/openai-agents-python,zhuzi-wang,labeled,https://github.com/openai/openai-agents-python/issues/2301,2026-01-13T08:55:45Z
openai/openai-agents-python,zhuzi-wang,commented,https://github.com/openai/openai-agents-python/issues/2301,2026-01-14T07:54:47Z
openai/openai-agents-python,zhuzi-wang,closed,https://github.com/openai/openai-agents-python/issues/2301,2026-01-14T12:37:37Z
